Sample number,Production area,Bed ID,Local authority,"Grid reference

Note 1             ",Sampling point,Date sample collected,"Alexandrium spp. 
cells L-1
(PSP)","Dinophysiaceae 
cells L-1
(DSP)","Prorocentrum lima 
cells L-1
(DSP)","Pseudo-nitzschia spp. 
cells L-1
(ASP) ","Ligulodinium polyedrum 
cells L-1
(Yessotoxin)","Protoceratium reticulatum 
cells L-1
(Yessotoxin) ","Prorocentrum cordatum 
cells L-1
(Venerupin) ",,,thresholds_reached
1/21,Solent,B24BK,Southampton PHA,SZ57479794,Browndown,1/4/21,0.0,0.0,0.0,0.0,ND,ND,ND,,,0
2/21,Southampton Water,B21AT,Southampton PHA,SU48760530,Hamble Estuary,1/4/21,0.0,0.0,0.0,0.0,ND,ND,ND,,,0
3/21,Brancaster,B05AS,Kings Lynn & W Norfolk BC,TF79884539,Norton Creek Mussels,1/5/21,0.0,0.0,0.0,400.0,ND,ND,ND,,,0
4/21,Porlock,B094D,Somerset West and Taunton Council,SS87114787,Porlock East,1/5/21,0.0,0.0,0.0,0.0,ND,ND,ND,,,0
5/21,Blackwater,B14AD,Maldon DC,TM04060768,St Peters Flats,1/6/21,0.0,0.0,0.0,0.0,ND,ND,ND,,,0
6/21,North Kent Coast,B17BS,Canterbury CC,TR10326689,WOCO Westbeach,1/11/21,0.0,0.0,0.0,0.0,ND,ND,ND,,,0
7/21,West Mersea,B013Z,Colchester BC,TM00001301,The Hard,1/11/21,0.0,0.0,0.0,0.0,ND,ND,ND,,,0
9/21,Fowey,B70AB,Cornwall PHA,SX13025157,Pont Pill,1/11/21,0.0,0.0,0.0,0.0,ND,ND,ND,,,0
10/21,Lantivet Bay,B70AH,Cornwall PHA,SX16305094,Sandheap Point,1/11/21,0.0,0.0,0.0,0.0,ND,ND,ND,,,0
11/21,Mevagissey Bay,B70AK,Cornwall PHA,SX05214698,South Mevagissey Bottom,1/11/21,0.0,0.0,0.0,0.0,ND,ND,ND,,,0
12/21,St Austell Bay,B70AE,Cornwall PHA,SX05744972,Ropehaven Outer,1/11/21,0.0,0.0,0.0,0.0,ND,ND,ND,,,0
13/21,Holy Island-Ross Links,B001M,Northumberland CC,NU12333958,Ross Links,1/10/21,0.0,0.0,0.0,0.0,ND,ND,ND,,,0
14/21,Yealm,B031J,Plymouth PHA,SX54224904,Thorn,1/11/21,0.0,0.0,0.0,0.0,ND,ND,ND,,,0
15/21,Poole,B54CI,"Bournemouth, Poole and Christchurch Council",SZ01818871,West Brownsea 1,1/12/21,0.0,0.0,0.0,0.0,ND,ND,ND,,,0
16/21,Helford,B034W,Cornwall PHA,SW75462765,Porth Navas Quay,1/12/21,-1.0,-1.0,-1.0,-1.0,"Unable to analyse, too much sediment","Unable to analyse, too much sediment","Unable to analyse, too much sediment",,,0
17/21,The Fleet,B25AI,Dorset Council,SY66477627,Fleet Oysters,1/12/21,0.0,0.0,0.0,200.0,,ND,ND,,,0
18/21,Butley,B009E,East Suffolk DC,TM39434850,Pumping Station Outfall,1/12/21,-1.0,-1.0,-1.0,-1.0,"Unable to analyse, too much sediment","Unable to analyse, too much sediment","Unable to analyse, too much sediment",,,0
19/21,Deben,B010O,East Suffolk DC,TM28834500,Stonner Point,1/12/21,0.0,0.0,0.0,0.0,ND,ND,ND,,,0
20/21,The Wash,B04AP,Kings Lynn & W Norfolk BC,TF65963701,Stubborn Sand,1/12/21,0.0,0.0,0.0,0.0,ND,ND,ND,,,0
21/21,Roach,B73AF,London PHA,TQ94909207,Paglesham,1/12/21,0.0,0.0,0.0,0.0,ND,ND,ND,,,0
22/21,Langstone Harbour,B019I,Portsmouth PHA,SU70560339,Stoke Common Lake,1/12/21,0.0,0.0,0.0,200.0,ND,ND,ND,,,0
23/21,Swansea,B037U,Swansea PHA,SS67659210,Queens Dock,1/12/21,0.0,0.0,0.0,0.0,ND,ND,ND,,,0
24/21,Brixham,B082B,Torbay BC,SX90965741,Fishcombe SW Corner,1/12/21,0.0,0.0,0.0,0.0,ND,ND,ND,,,0
25/21,Lyme Bay,B090M,Torbay BC,UNVERIFIED,Site 1,1/11/21,0.0,0.0,0.0,0.0,ND,ND,ND,,,0
26/21,Taw/Torridge,B36AB,Torridge DC,SS46573142,Spratt Ridge East,1/11/21,0.0,0.0,0.0,0.0,ND,ND,ND,,,0
27/21,The Wash,B003V,Boston BC,TF44234098,Toft,1/13/21,0.0,0.0,0.0,0.0,ND,ND,ND,,,0
28/21,Blackwater,B014V,Maldon DC,TL91160795,Goldhanger,1/13/21,0.0,0.0,0.0,0.0,ND,ND,ND,,,0
29/21,Crouch,B015Y,Maldon DC,TQ90429738,Althorne,1/13/21,0.0,0.0,0.0,0.0,ND,ND,ND,,,0
30/21,Portsmouth Harbour,B020H,Portsmouth PHA,SU62850544,Paulsgrove,1/13/21,0.0,0.0,0.0,0.0,ND,ND,ND,,,0
31/21,Dart,B028P,South Hams DC,SX87945350,Long Wood South,1/13/21,0.0,0.0,0.0,0.0,ND,ND,ND,,,0
32/21,Start Bay,B087I,South Hams DC,SX84724671,Off Strete,1/13/21,0.0,0.0,0.0,0.0,ND,ND,ND,,,0
33/21,Milford Haven,B39CZ,Pembrokeshire CC,SM89000275,Tethys Oyster,1/14/21,-1.0,-1.0,-1.0,-1.0,"Unable to analyse, too much sediment","Unable to analyse, too much sediment","Unable to analyse, too much sediment",,,0
34/21,Burry Inlet,B038L,City and Council of Swansea,SS43409470,Whitford Point,1/18/21,0.0,40.0,0.0,0.0,ND,ND,ND,,,0
35/21,Swale,B076P,Swale BC,TR01316497,The Causeway,1/18/21,0.0,0.0,0.0,0.0,ND,ND,ND,,,0
36/21,Burry Inlet,B038Y,Carmarthenshire CC,SS50209860,Machynys,1/19/21,0.0,0.0,0.0,0.0,ND,ND,ND,,,0
37/21,Burry Inlet,B038I,City and Council of Swansea,SS50509590,South East 4,1/19/21,-1.0,-1.0,-1.0,-1.0,"Unable to analyse, too much sediment","Unable to analyse, too much sediment","Unable to analyse, too much sediment",,,0
38/21,Fal,B033E,Cornwall PHA,SW85134212,Grimes Bar,1/19/21,0.0,0.0,0.0,0.0,ND,ND,ND,,,0
39/21,Fal,B33BG,Cornwall PHA,SW82803517,Mylor Pool,1/19/21,0.0,0.0,0.0,0.0,ND,ND,ND,,,0
40/21,Fal,B33BD,Cornwall PHA,SW84093949,Trelissick Pontoon,1/19/21,0.0,0.0,0.0,0.0,ND,ND,ND,,,0
41/21,Blakeney,B006R,North Norfolk DC,TF91804549,Wells - The Pool,1/19/21,0.0,0.0,0.0,800.0,ND,ND,ND,,,0
43/21,Lune,BO66Z,Wyre BC,SD34194862,Knott Spit,1/20/21,-1.0,-1.0,-1.0,-1.0,"Unable to analyse, too much sediment","Unable to analyse, too much sediment","Unable to analyse, too much sediment",,,0
44/21,Helford,B034W,Cornwall PHA,SW75462765,Porth Navas Quay,1/21/21,0.0,0.0,0.0,0.0,ND,ND,ND,,,0
45/21,Percuil,B033R,Cornwall PHA,SW85853369,Percuil,1/21/21,0.0,0.0,0.0,0.0,ND,ND,ND,,,0
46/21,Porthallow Cove,B34AA,Cornwall PHA,SW80212383,Porthallow North,1/21/21,0.0,0.0,0.0,0.0,ND,ND,ND,,,0
47/21,Exe,B26BH,Teignbridge DC,SX97948072,Cockwood Harbour,1/25/21,0.0,0.0,0.0,0.0,ND,ND,ND,,,0
48/21,Teign,B27AC,Teignbridge DC,SX92827284,Gas Works East,1/25/21,0.0,0.0,0.0,0.0,ND,ND,ND,,,0
49/21,Morecambe Bay - Barrow,B077Q,Barrow-in-Furness BC,SD23116464,Roa Island,1/26/21,0.0,0.0,0.0,0.0,ND,ND,ND,,,0
50/21,Butley,B009E,East Suffolk DC,TM39434850,Pumping Station Outfall,1/26/21,0.0,0.0,0.0,0.0,ND,ND,ND,,,0
51/21,Conwy,B044V,Conwy CBC,SH76317972,Conwy West,1/26/21,0.0,0.0,0.0,0.0,ND,ND,ND,,,0
52/21,Camel,B35AE,Cornwall CC,SW93407530,Porthilly Rock B,1/27/21,0.0,0.0,0.0,600.0,ND,ND,ND,,,0
53/21,Lune,BO66Z,Wyre BC,SD34194862,Knott Spit,1/27/21,0.0,0.0,0.0,0.0,ND,ND,ND,,,0
55/21,Brancaster,B05AS,Kings Lynn & W Norfolk BC,TF79884539,Norton Creek Mussels,2/1/21,0.0,0.0,0.0,0.0,ND,ND,ND,,,0
56/21,The Thames,B16BS,London PHA,TQ88148489,West of Southend Pier,2/1/21,0.0,0.0,0.0,0.0,ND,ND,ND,,,0
57/21,Holy Island-Ross Links,B001M,Northumberland CC,NU12333958,Ross Links,1/31/21,0.0,0.0,0.0,0.0,ND,ND,ND,,,0
58/21,The Wash,B003V,Boston BC,TF44234098,Toft,2/1/21,0.0,0.0,0.0,0.0,ND,ND,ND,,,0
59/21,Deben,B010O,East Suffolk DC,TM28834500,Stonner Point,2/2/21,0.0,0.0,0.0,0.0,ND,ND,ND,,,0
60/21,The Wash,B04AP,Kings Lynn & W Norfolk BC,TF65963701,Stubborn Sand,2/1/21,0.0,0.0,0.0,0.0,ND,ND,ND,,,0
61/21,Poole,B54CI,"Bournemouth, Poole and Christchurch Council",SZ01818871,West Brownsea 1,2/9/21,0.0,0.0,0.0,0.0,ND,ND,ND,,,0
62/21,The Fleet,B25AI,Dorset Council,SY66477627,Fleet Oysters,2/9/21,0.0,0.0,0.0,0.0,ND,ND,ND,,,0
63/21,Yealm,B031J,Plymouth PHA,SX54224904,Thorn,2/9/21,0.0,0.0,0.0,0.0,ND,ND,ND,,,0
64/21,Dart,B028B,South Hams DC,SX87415599,Waddeton,2/9/21,0.0,0.0,0.0,0.0,ND,ND,ND,,,0
65/21,Taw/Torridge,B36AB,Torridge DC,SS46573142,Spratt Ridge East,2/8/21,0.0,0.0,0.0,0.0,ND,ND,ND,,,0
66/21,Conwy,B044V,Conwy CBC,SH76317972,Conwy West,2/9/21,0.0,0.0,0.0,0.0,ND,ND,ND,,,0
67/21,Porlock,B094D,Somerset West and Taunton Council,SS87114787,Porlock East,2/9/21,0.0,0.0,0.0,0.0,ND,ND,ND,,,0
68/21,Dart,B028P,South Hams DC,SX87945350,Long Wood South,2/10/21,0.0,0.0,0.0,0.0,ND,ND,ND,,,0
69/21,Bigbury upon Avon,B030J,South Hams DC,SX67114467,South Hexdown North,2/10/21,0.0,0.0,100.0,0.0,ND,ND,ND,,,1
70/21,Solent,B24BK,Southampton PHA,SZ57479794,Browndown,2/10/21,0.0,0.0,0.0,0.0,ND,ND,ND,,,0
71/21,Southampton Water,B21AT,Southampton PHA,SU48760530,Hamble Estuary,2/10/21,0.0,0.0,0.0,0.0,ND,ND,ND,,,0
72/21,Swansea,B037U,Swansea PHA,SS67659210,Queens Dock,2/10/21,0.0,0.0,0.0,0.0,ND,ND,ND,,,0
73/21,Helford,B034W,Cornwall PHA,SW75462765,Porth Navas Quay,2/10/21,-1.0,-1.0,-1.0,-1.0,"Unable to analyse, too much sediment","Unable to analyse, too much sediment","Unable to analyse, too much sediment",,,0
74/21,Roach,B73AF,London PHA,TQ94909207,Paglesham,2/11/21,0.0,0.0,0.0,0.0,ND,ND,ND,,,0
75/21,Blackwater,B014V,Maldon DC,TL91160795,Goldhanger,2/11/21,0.0,0.0,0.0,0.0,ND,ND,ND,,,0
76/21,Lune,BO66Z,Wyre BC,SD34194862,Knott Spit,2/11/21,0.0,0.0,0.0,800.0,ND,ND,ND,,,0
78/21,Burry Inlet,B038L,City and Council of Swansea,SS43409470,Whitford Point,2/15/21,0.0,0.0,0.0,80.0,ND,ND,ND,,,0
79/21,Lantivet Bay,B70AH,Cornwall PHA,SX16305094,Sandheap Point,2/15/21,0.0,0.0,0.0,200.0,ND,ND,ND,,,0
80/21,Mevagissey Bay,B70AK,Cornwall PHA,SX05214698,South Mevagissey Bottom,2/15/21,0.0,0.0,0.0,80.0,ND,ND,ND,,,0
81/21,St Austell Bay,B70AE,Cornwall PHA,SX05744972,Ropehaven Outer,2/15/21,0.0,0.0,0.0,0.0,ND,ND,ND,,,0
82/21,Milford Haven,B39CZ,Pembrokeshire CC,SM89000275,Tethys Oyster,2/15/21,0.0,0.0,0.0,0.0,ND,ND,ND,,,0
83/21,Burry Inlet,B038Y,Carmarthenshire CC,SS50209860,Machynys,2/16/21,0.0,0.0,0.0,0.0,ND,ND,ND,,,0
84/21,Burry Inlet,B038I,City and Council of Swansea,SS50509590,South East 4,2/16/21,0.0,0.0,0.0,0.0,ND,ND,ND,,,0
85/21,Fal,B033E,Cornwall PHA,SW85134212,Grimes Bar,2/16/21,0.0,0.0,0.0,0.0,ND,ND,ND,,,0
86/21,Fal,B33BG,Cornwall PHA,SW82803517,Mylor Pool,2/16/21,0.0,0.0,0.0,800.0,ND,ND,ND,,,0
87/21,Fal,B33BD,Cornwall PHA,SW84093949,Trelissick Pontoon,2/16/21,0.0,0.0,0.0,0.0,ND,ND,ND,,,0
88/21,Butley,B009E,East Suffolk DC,TM39434850,Pumping Station Outfall,2/15/21,0.0,0.0,0.0,0.0,ND,ND,ND,,,0
89/21,Blackwater,B14AD,Maldon DC,TM04060768,St Peters Flats,2/16/21,0.0,0.0,0.0,0.0,ND,ND,ND,,,0
90/21,Langstone Harbour,B019I,Portsmouth PHA,SU70560339,Stoke Common Lake,2/16/21,0.0,0.0,0.0,1000.0,ND,ND,ND,,,0
91/21,North Kent Coast,B17BS,Canterbury CC,TR10326689,WOCO Westbeach,2/16/21,0.0,0.0,0.0,0.0,ND,ND,ND,,,0
92/21,Camel,B35AE,Cornwall CC,SW93407530,Porthilly Rock B,2/17/21,0.0,0.0,0.0,400.0,ND,ND,ND,,,0
93/21,Helford,B034W,Cornwall PHA,SW75462765,Porth Navas Quay,2/17/21,200.0,0.0,0.0,0.0,ND,ND,ND,,,1
94/21,Menai Strait East,B055S,Gwynedd CC,SH58337328,West of Bangor Pier,2/16/21,0.0,0.0,0.0,0.0,ND,ND,ND,,,0
95/21,Menai Strait West,B042O,Gwynedd CC,SH49916579,Area 11 East,2/17/21,0.0,0.0,0.0,0.0,ND,ND,ND,,,0
96/21,Crouch,B015Y,Maldon DC,TQ90429738,Althorne,2/17/21,-1.0,-1.0,-1.0,-1.0,"Unable to analyse, too much sediment","Unable to analyse, too much sediment","Unable to analyse, too much sediment",,,0
97/21,Portsmouth Harbour,B020H,Portsmouth PHA,SU62850544,Paulsgrove,2/17/21,0.0,0.0,0.0,0.0,ND,ND,ND,,,0
98/21,Blakeney,B006R,North Norfolk DC,TF91804549,Wells - The Pool,2/18/21,0.0,0.0,0.0,1000.0,ND,ND,ND,,,0
99/21,Swale,B076P,Swale BC,TR01316497,The Causeway,2/18/21,0.0,0.0,0.0,0.0,ND,ND,ND,,,0
101/21,West Mersea,B013Z,Colchester BC,TM00001301,The Hard,2/22/21,0.0,0.0,0.0,160.0,ND,ND,ND,,,0
102/21,Exe,B26BH,Teignbridge DC,SX97948072,Cockwood Harbour,2/23/21,0.0,0.0,0.0,0.0,ND,ND,ND,,,0
103/21,Teign,B27AC,Teignbridge DC,SX92827284,Gas Works East,2/23/21,0.0,0.0,0.0,0.0,ND,ND,ND,,,0
104/21,Brixham,B082B,Torbay BC,SX90965741,Fishcombe SW Corner,2/22/21,0.0,0.0,0.0,320.0,ND,ND,ND,,,0
105/21,Lyme Bay,B090M,Torbay BC,UNVERIFIED,Site 1,2/22/21,0.0,0.0,0.0,80.0,ND,ND,ND,,,0
106/21,Morecambe Bay - Barrow,B077Q,Barrow-in-Furness BC,SD23116464,Roa Island,2/24/21,0.0,0.0,0.0,0.0,ND,ND,ND,,,0
107/21,Helford,B034W,Cornwall PHA,SW75462765,Porth Navas Quay,2/25/21,0.0,0.0,0.0,0.0,ND,ND,ND,,,0
108/21,Porthallow Cove,B34AA,Cornwall PHA,SW80212383,Porthallow North,2/25/21,0.0,0.0,0.0,0.0,ND,ND,ND,,,0
109/21,Anglesey - Red Wharf Bay,B057J,Ynys Mon CC,SH53148022,Nodwydd,2/25/21,0.0,0.0,0.0,560.0,ND,ND,ND,,,0
110/21,The Thames,B16BS,London PHA,TQ88148489,West of Southend Pier,3/1/21,0.0,0.0,0.0,800.0,ND,ND,ND,,,0
111/21,Bigbury upon Avon,B030J,South Hams DC,SX67114467,South Hexdown North,3/1/21,0.0,0.0,0.0,0.0,ND,ND,ND,,,0
112/21,The Wash,B003V,Boston BC,TF44234098,Toft,3/1/21,0.0,0.0,0.0,0.0,ND,ND,ND,,,0
113/21,Brancaster,B05AS,Kings Lynn & W Norfolk BC,TF79884539,Norton Creek Mussels,3/2/21,0.0,0.0,0.0,0.0,ND,ND,ND,,,0
114/21,The Wash,B04AP,Kings Lynn & W Norfolk BC,TF65963701,Stubborn Sand,3/1/21,0.0,0.0,0.0,600.0,ND,ND,ND,,,0
115/21,Portsmouth Harbour,B020H,Portsmouth PHA,SU62850544,Paulsgrove,3/2/21,0.0,0.0,0.0,0.0,ND,ND,ND,,,0
116/21,Blackwater,B14AD,Maldon DC,TM04060768,St Peters Flats,3/3/21,0.0,0.0,0.0,0.0,ND,ND,ND,,,0
117/21,Langstone Harbour,B019I,Portsmouth PHA,SU70560339,Stoke Common Lake,3/3/21,0.0,0.0,0.0,0.0,ND,ND,ND,,,0
118/21,Blakeney,B006R,North Norfolk DC,TF91804549,Wells - The Pool,3/4/21,0.0,0.0,0.0,3600.0,ND,ND,ND,,,0
120/21,West Mersea,B013Z,Colchester BC,TM00001301,The Hard,3/9/21,0.0,0.0,0.0,0.0,ND,ND,ND,,,0
121/21,Helford,B034W,Cornwall PHA,SW75462765,Porth Navas Quay,3/9/21,0.0,0.0,0.0,0.0,ND,ND,ND,,,0
122/21,Lantivet Bay,B70AH,Cornwall PHA,SX16305094,Sandheap Point,3/9/21,0.0,0.0,0.0,0.0,ND,ND,ND,,,0
123/21,Mevagissey Bay,B70AK,Cornwall PHA,SX05214698,South Mevagissey Bottom,3/9/21,40.0,0.0,0.0,1160.0,ND,ND,ND,,,1
124/21,St Austell Bay,B70AE,Cornwall PHA,SX05744972,Ropehaven Outer,3/9/21,0.0,0.0,0.0,2400.0,ND,ND,ND,,,0
125/21,Butley,B009E,East Suffolk DC,TM39434850,Pumping Station Outfall,3/9/21,-1.0,-1.0,-1.0,-1.0,"Unable to analyse, too much sediment","Unable to analyse, too much sediment","Unable to analyse, too much sediment",,,0
126/21,Deben,B010O,East Suffolk DC,TM28834500,Stonner Point,3/9/21,0.0,0.0,0.0,0.0,ND,ND,ND,,,0
127/21,Yealm,B031J,Plymouth PHA,SX54224904,Thorn,3/9/21,0.0,0.0,0.0,0.0,ND,ND,ND,,,0
128/21,Start Bay,B087I,South Hams DC,SX84724671,Off Strete,3/9/21,0.0,0.0,0.0,0.0,ND,ND,ND,,,0
129/21,Solent,B24BK,Southampton PHA,SZ57479794,Browndown,3/9/21,0.0,0.0,0.0,0.0,ND,ND,ND,,,0
130/21,Southampton Water,B21AT,Southampton PHA,SU48760530,Hamble Estuary,3/9/21,0.0,0.0,0.0,0.0,ND,ND,ND,,,0
131/21,Swansea,B037U,Swansea PHA,SS67659210,Queens Dock,3/9/21,0.0,0.0,0.0,0.0,ND,ND,ND,,,0
132/21,Taw/Torridge,B36AB,Torridge DC,SS46573142,Spratt Ridge East,3/8/21,0.0,0.0,0.0,200.0,ND,ND,ND,,,0
133/21,The Fleet,B25AI,Dorset Council,SY66477627,Fleet Oysters,3/9/21,0.0,0.0,0.0,0.0,ND,ND,ND,,,0
134/21,Crouch,B015Y,Maldon DC,TQ90429738,Althorne,3/10/21,0.0,0.0,0.0,0.0,ND,ND,ND,,,0
135/21,Lune,BO66Z,Wyre BC,SD34194862,Knott Spit,3/10/21,0.0,0.0,0.0,0.0,ND,ND,ND,,,0
137/21,Anglesey - Red Wharf Bay,B057J,Ynys Mon CC,SH53148022,Nodwydd,3/12/21,0.0,0.0,0.0,0.0,ND,ND,ND,,,0
138/21,Poole,B54CI,"Bournemouth, Poole and Christchurch Council",SZ01818871,West Brownsea 1,3/15/21,0.0,0.0,0.0,0.0,ND,ND,ND,,,0
139/21,Burry Inlet,B038L,City and Council of Swansea,SS43409470,Whitford Point,3/15/21,0.0,0.0,0.0,0.0,ND,ND,ND,,,0
140/21,Roach,B73AF,London PHA,TQ94909207,Paglesham,3/15/21,0.0,0.0,0.0,0.0,ND,ND,ND,,,0
141/21,Holy Island-Ross Links,B001M,Northumberland CC,NU12333958,Ross Links,3/14/21,0.0,0.0,0.0,2700.0,ND,ND,ND,,,0
142/21,Milford Haven,B39CZ,Pembrokeshire CC,SM89000275,Tethys Oyster,3/15/21,-1.0,-1.0,-1.0,-1.0,"Unable to analyse, too much sediment","Unable to analyse, too much sediment","Unable to analyse, too much sediment",,,0
143/21,Porlock,B094D,Somerset West and Taunton Council,SS87114787,Porlock East,3/15/21,0.0,0.0,0.0,0.0,ND,ND,ND,,,0
144/21,North Kent Coast,B17BS,Canterbury CC,TR10326689,WOCO Westbeach,3/15/21,-1.0,-1.0,-1.0,-1.0,"Unable to analyse, too much sediment","Unable to analyse, too much sediment","Unable to analyse, too much sediment",,,0
145/21,Burry Inlet,B038Y,Carmarthenshire CC,SS50209860,Machynys,3/16/21,0.0,0.0,0.0,0.0,ND,ND,ND,,,0
146/21,Burry Inlet,B038I,City and Council of Swansea,SS50509590,South East 4,3/16/21,0.0,0.0,0.0,0.0,ND,ND,ND,,,0
147/21,Mevagissey Bay,B70AK,Cornwall PHA,SX05214698,South Mevagissey Bottom,3/16/21,0.0,0.0,0.0,80.0,ND,ND,ND,,,0
148/21,Menai Strait East,B055S,Gwynedd CC,SH58337328,West of Bangor Pier,3/16/21,0.0,0.0,0.0,0.0,ND,ND,ND,,,0
149/21,Menai Strait West,B042O,Gwynedd CC,SH49916579,Area 11 East,3/17/21,0.0,0.0,0.0,0.0,ND,ND,ND,,,0
150/21,Brixham,B082B,Torbay BC,SX90965741,Fishcombe SW Corner,3/15/21,0.0,0.0,0.0,0.0,ND,ND,ND,,,0
151/21,Lyme Bay,B090M,Torbay BC,UNVERIFIED,Site 1,3/15/21,0.0,0.0,0.0,80.0,ND,ND,40,,,0
152/21,Swale,B076P,Swale BC,TR01316497,The Causeway,3/18/21,0.0,0.0,0.0,0.0,ND,ND,ND,,,0
153/21,North Kent Coast,B17BS,Canterbury CC,TR10326689,WOCO Westbeach,3/21/21,0.0,0.0,0.0,0.0,ND,ND,ND,,,0
154/21,Butley,B009E,East Suffolk DC,TM39434850,Pumping Station Outfall,3/22/21,0.0,0.0,0.0,0.0,ND,ND,ND,,,0
155/21,Exe,B26BH,Teignbridge DC,SX97948072,Cockwood Harbour,3/22/21,0.0,0.0,0.0,0.0,ND,ND,ND,,,0
156/21,Teign,B27AC,Teignbridge DC,SX92827284,Gas Works East,3/22/21,0.0,0.0,0.0,400.0,ND,ND,ND,,,0
157/21,Fal,B033E,Cornwall PHA,SW85134212,Grimes Bar,3/23/21,0.0,0.0,0.0,0.0,ND,ND,ND,,,0
158/21,Fal,B33BG,Cornwall PHA,SW82803517,Mylor Pool,3/23/21,0.0,0.0,0.0,0.0,ND,ND,ND,,,0
159/21,Fal,B33BD,Cornwall PHA,SW84093949,Trelissick Pontoon,3/23/21,0.0,0.0,0.0,400.0,ND,ND,ND,,,0
160/21,Blackwater,B014V,Maldon DC,TL91160795,Goldhanger,3/23/21,0.0,0.0,0.0,0.0,ND,ND,ND,,,0
161/21,Camel,B35AE,Cornwall CC,SW93407530,Porthilly Rock B,3/23/21,0.0,0.0,0.0,400.0,ND,ND,ND,,,0
162/21,Percuil,B033R,Cornwall PHA,SW85853369,Percuil,3/24/21,0.0,0.0,0.0,0.0,ND,ND,ND,,,0
163/21,Porthallow Cove,B34AA,Cornwall PHA,SW80212383,Porthallow North,3/24/21,0.0,80.0,0.0,0.0,ND,ND,ND,,,0
164/21,Milford Haven,B39CZ,Pembrokeshire CC,SM89000275,Tethys Oyster,3/26/21,0.0,0.0,0.0,0.0,ND,ND,ND,,,0
165/21,Conwy,B044V,Conwy CBC,SH76317972,Conwy West,3/29/21,0.0,0.0,0.0,600.0,ND,ND,ND,,,0
166/21,Morecambe Bay - Barrow,B077Q,Barrow-in-Furness BC,SD23116464,Roa Island,3/30/21,100.0,0.0,0.0,0.0,ND,ND,ND,,,1
167/21,Portland,B25AK,Dorset Council,SY68707757,Site A,3/30/21,0.0,0.0,0.0,12720.0,ND,ND,ND,,,0
168/21,Conwy,B044V,Conwy CBC,SH76317972,Conwy West,4/6/21,0.0,0.0,0.0,1400.0,ND,ND,ND,,,0
169/21,Fal,B33AN,Cornwall PHA,SW81963551,Mylor Creek,4/6/21,0.0,0.0,0.0,160.0,ND,ND,40,,,0
170/21,Fal,B033Y,Cornwall PHA,SW85024095,Ruan Pontoon/Tregothnan,4/6/21,0.0,0.0,0.0,0.0,ND,ND,ND,,,0
171/21,Fal,B33BD,Cornwall PHA,SW84093949,Trelissick Pontoon,4/6/21,0.0,0.0,0.0,160.0,ND,ND,ND,,,0
172/21,Porthallow Cove,B34AA,Cornwall PHA,SW80212383,Porthallow North,4/6/21,0.0,0.0,0.0,400.0,ND,ND,ND,,,0
173/21,Brancaster,B05AS,Kings Lynn & W Norfolk BC,TF79884539,Norton Creek Mussels,4/6/21,0.0,0.0,0.0,1000.0,ND,ND,ND,,,0
174/21,Blackwater,B14AD,Maldon DC,TM04060768,St Peters Flats,4/6/21,0.0,0.0,0.0,0.0,ND,ND,ND,,,0
175/21,Crouch,B015Y,Maldon DC,TQ90429738,Althorne,4/6/21,0.0,0.0,0.0,0.0,ND,ND,ND,,,0
176/21,Swansea,B037U,Swansea PHA,SS67659210,Queens Dock,4/6/21,0.0,0.0,0.0,0.0,ND,ND,ND,,,0
177/21,Morecambe Bay - Barrow,B077Q,Barrow-in-Furness BC,SD23116464,Roa Island,4/7/21,0.0,0.0,0.0,240.0,ND,ND,ND,,,0
178/21,West Mersea,B013Z,Colchester BC,TM00001301,The Hard,4/7/21,0.0,0.0,0.0,0.0,ND,ND,ND,,,0
180/21,Helford,B034W,Cornwall PHA,SW75462765,Porth Navas Quay,4/7/21,0.0,0.0,0.0,0.0,ND,ND,ND,,,0
181/21,Lantivet Bay,B70AH,Cornwall PHA,SX16305094,Sandheap Point,4/6/21,0.0,0.0,0.0,160.0,ND,ND,ND,,,0
182/21,Mevagissey Bay,B70AK,Cornwall PHA,SX05214698,South Mevagissey Bottom,4/6/21,0.0,40.0,0.0,640.0,ND,ND,ND,,,0
183/21,St Austell Bay,B70AE,Cornwall PHA,SX05744972,Ropehaven Outer,4/6/21,0.0,0.0,0.0,0.0,ND,ND,ND,,,0
184/21,Blackwater,B014V,Maldon DC,TL91160795,Goldhanger,4/7/21,0.0,0.0,0.0,0.0,ND,ND,ND,,,0
185/21,Yealm,B031J,Plymouth PHA,SX54224904,Thorn,4/7/21,0.0,0.0,0.0,0.0,ND,ND,ND,,,0
186/21,Taw/Torridge,B36AB,Torridge DC,SS46573142,Spratt Ridge East,4/6/21,0.0,0.0,0.0,400.0,ND,ND,ND,,,0
187/21,Lune,BO66Z,Wyre BC,SD34194862,Knott Spit,4/7/21,0.0,0.0,0.0,400.0,ND,ND,ND,,,0
189/21,Roach,B73AF,London PHA,TQ94909207,Paglesham,4/8/21,0.0,0.0,0.0,0.0,ND,ND,200,,,0
190/21,Holy Island-Ross Links,B001M,Northumberland CC,NU12333958,Ross Links,4/11/21,0.0,0.0,0.0,600.0,ND,ND,ND,,,0
191/21,Bigbury upon Avon,B030J,South Hams DC,SX67114467,South Hexdown North,4/12/21,0.0,0.0,0.0,0.0,ND,ND,ND,,,0
192/21,Anglesey - Red Wharf Bay,B057J,Ynys Mon CC,SH53148022,Nodwydd,4/12/21,0.0,0.0,0.0,880.0,ND,ND,ND,,,0
193/21,Morecambe Bay - Barrow,B077Q,Barrow-in-Furness BC,SD23116464,Roa Island,4/13/21,0.0,40.0,0.0,960.0,ND,ND,ND,,,0
194/21,The Wash,B003V,Boston BC,TF44234098,Toft,4/12/21,0.0,0.0,0.0,2400.0,ND,ND,ND,,,0
195/21,Poole,B54CI,"Bournemouth, Poole and Christchurch Council",SZ01818871,West Brownsea 1,4/13/21,0.0,0.0,0.0,0.0,ND,ND,ND,,,0
196/21,North Kent Coast,B17BS,Canterbury CC,TR10326689,WOCO Westbeach,4/12/21,0.0,0.0,0.0,3200.0,ND,ND,ND,,,0
197/21,Burry Inlet,B038Y,Carmarthenshire CC,SS50209860,Machynys,4/13/21,0.0,0.0,0.0,0.0,ND,ND,ND,,,0
198/21,Burry Inlet,B038I,City and Council of Swansea,SS50509590,South East 4,4/13/21,0.0,0.0,0.0,0.0,ND,ND,ND,,,0
199/21,Burry Inlet,B038L,City and Council of Swansea,SS43409470,Whitford Point,4/13/21,0.0,0.0,0.0,160.0,ND,ND,ND,,,0
200/21,Camel,B35AE,Cornwall CC,SW93407530,Porthilly Rock B,4/13/21,0.0,0.0,0.0,0.0,ND,ND,ND,,,0
201/21,The Fleet,B25AI,Dorset Council,SY66477627,Fleet Oysters,4/13/21,0.0,0.0,0.0,1080.0,ND,ND,ND,,,0
202/21,Butley,B009E,East Suffolk DC,TM39434850,Pumping Station Outfall,4/13/21,0.0,0.0,0.0,0.0,ND,ND,ND,,,0
203/21,Deben,B010O,East Suffolk DC,TM28834500,Stonner Point,4/13/21,-1.0,-1.0,-1.0,-1.0,"Unable to analyse, too much sediment","Unable to analyse, too much sediment","Unable to analyse, too much sediment",,,0
204/21,The Wash,B04AP,Kings Lynn & W Norfolk BC,TF65963701,Stubborn Sand,4/12/21,-1.0,-1.0,-1.0,-1.0,"Unable to analyse, too much sediment","Unable to analyse, too much sediment","Unable to analyse, too much sediment",,,0
205/21,The Thames,B16CN,London PHA,TR06779599,Crouch Approach,4/13/21,0.0,0.0,0.0,200.0,ND,ND,ND,,,0
206/21,The Thames,B16CM,London PHA,TR00508769,East of Havengore Creek,4/13/21,0.0,0.0,0.0,0.0,ND,ND,ND,,,0
207/21,The Thames,B16BR,London PHA,TQ93798271,Phoenix,4/13/21,0.0,0.0,0.0,0.0,ND,ND,ND,,,0
208/21,Milford Haven,B39CZ,Pembrokeshire CC,SM89000275,Tethys Oyster,4/13/21,0.0,0.0,0.0,0.0,ND,ND,ND,,,0
209/21,Brixham,B082B,Torbay BC,SX90965741,Fishcombe SW Corner,4/12/21,0.0,0.0,0.0,160.0,ND,ND,ND,,,0
210/21,Lyme Bay,B090M,Torbay BC,UNVERIFIED,Site 1,4/12/21,0.0,0.0,0.0,840.0,ND,ND,ND,,,0
211/21,Blackwater,B14AD,Maldon DC,TM04060768,St Peters Flats,4/14/21,0.0,0.0,0.0,0.0,ND,ND,ND,,,0
212/21,Porlock,B094D,Somerset West and Taunton Council,SS87114787,Porlock East,4/14/21,0.0,0.0,0.0,200.0,ND,ND,ND,,,0
213/21,Solent,B24BK,Southampton PHA,SZ57479794,Browndown,4/14/21,0.0,0.0,0.0,560.0,ND,ND,ND,,,0
214/21,Southampton Water,B21AT,Southampton PHA,SU48760530,Hamble Estuary,4/14/21,0.0,0.0,0.0,640.0,ND,ND,ND,,,0
215/21,Exe,B26BH,Teignbridge DC,SX97948072,Cockwood Harbour,4/14/21,0.0,0.0,0.0,320.0,ND,ND,ND,,,0
216/21,Teign,B27AC,Teignbridge DC,SX92827284,Gas Works East,4/14/21,0.0,0.0,0.0,320.0,ND,ND,ND,,,0
217/21,Blakeney,B006R,North Norfolk DC,TF91804549,Wells - The Pool,4/15/21,0.0,0.0,0.0,3800.0,ND,ND,ND,,,0
219/21,Conwy,B044V,Conwy CBC,SH76317972,Conwy West,4/19/21,0.0,0.0,0.0,2360.0,ND,ND,ND,,,0
220/21,Lantivet Bay,B70AH,Cornwall PHA,SX16305094,Sandheap Point,4/19/21,0.0,0.0,0.0,840.0,ND,ND,ND,,,0
221/21,Mevagissey Bay,B70AK,Cornwall PHA,SX05214698,South Mevagissey Bottom,4/19/21,0.0,80.0,0.0,0.0,ND,ND,ND,,,0
222/21,St Austell Bay,B70AE,Cornwall PHA,SX05744972,Ropehaven Outer,4/19/21,0.0,0.0,0.0,4600.0,ND,ND,ND,,,0
223/21,Menai Strait East,B055S,Gwynedd CC,SH58337328,West of Bangor Pier,4/18/21,0.0,0.0,0.0,8760.0,ND,ND,ND,,,0
224/21,Menai Strait West,B042O,Gwynedd CC,SH49916579,Area 11 East,4/19/21,0.0,0.0,0.0,3480.0,ND,ND,ND,,,0
225/21,Bigbury upon Avon,B030J,South Hams DC,SX67114467,South Hexdown North,4/19/21,0.0,0.0,0.0,0.0,ND,ND,ND,,,0
226/21,Start Bay,B087I,South Hams DC,SX84724671,Off Strete,4/19/21,0.0,0.0,0.0,120.0,ND,ND,ND,,,0
227/21,Taw/Torridge,B36AB,Torridge DC,SS46573142,Spratt Ridge East,4/19/21,0.0,0.0,0.0,3600.0,ND,ND,ND,,,0
228/21,Fal,B33AN,Cornwall PHA,SW81963551,Mylor Creek,4/20/21,0.0,0.0,0.0,0.0,ND,ND,ND,,,0
229/21,Fal,B033Y,Cornwall PHA,SW85024095,Ruan Pontoon/Tregothnan,4/20/21,0.0,0.0,0.0,80.0,ND,ND,ND,,,0
230/21,Fal,B33BD,Cornwall PHA,SW84093949,Trelissick Pontoon,4/20/21,0.0,0.0,0.0,320.0,ND,ND,ND,,,0
231/21,Portland,B25AK,Dorset Council,SY68707757,Site A,4/19/21,0.0,0.0,0.0,1920.0,ND,ND,ND,,,0
232/21,Butley,B009E,East Suffolk DC,TM39434850,Pumping Station Outfall,4/20/21,0.0,0.0,0.0,0.0,ND,ND,ND,,,0
233/21,Deben,B010O,East Suffolk DC,TM28834500,Stonner Point,4/20/21,0.0,0.0,0.0,800.0,ND,ND,ND,,,0
234/21,Brancaster,B05AS,Kings Lynn & W Norfolk BC,TF79884539,Norton Creek Mussels,4/20/21,0.0,0.0,0.0,0.0,ND,ND,ND,,,0
235/21,Porthallow Cove,B34AA,Cornwall PHA,SW80212383,Porthallow North,4/21/21,0.0,0.0,0.0,1760.0,ND,ND,ND,,,0
236/21,The Fleet,B25AI,Dorset Council,SY66477627,Fleet Oysters,4/26/21,0.0,0.0,0.0,280.0,ND,ND,ND,,,0
237/21,Roach,B73AF,London PHA,TQ94909207,Paglesham,4/26/21,0.0,0.0,0.0,400.0,ND,ND,ND,,,0
238/21,Dart,B028B,South Hams DC,SX87415599,Waddeton,4/26/21,0.0,40.0,0.0,1960.0,ND,ND,ND,,,0
239/21,Lune,BO66Z,Wyre BC,SD34194862,Knott Spit,4/26/21,0.0,0.0,0.0,5600.0,ND,ND,ND,,,0
241/21,Anglesey - Red Wharf Bay,B057J,Ynys Mon CC,SH53148022,Nodwydd,4/26/21,0.0,0.0,0.0,4280.0,ND,ND,ND,,,0
242/21,Morecambe Bay - Barrow,B077Q,Barrow-in-Furness BC,SD23116464,Roa Island,4/27/21,0.0,80.0,0.0,3960.0,ND,ND,ND,,,0
243/21,Helford,B034W,Cornwall PHA,SW75462765,Porth Navas Quay,4/27/21,0.0,0.0,0.0,0.0,ND,ND,ND,,,0
244/21,The Thames,B16CN,London PHA,TR06779599,Crouch Approach,4/27/21,0.0,0.0,0.0,8100.0,ND,ND,ND,,,0
245/21,The Thames,B16CM,London PHA,TR00508769,East of Havengore Creek,4/27/21,0.0,0.0,0.0,10300.0,ND,ND,ND,,,0
246/21,The Thames,B16BR,London PHA,TQ93798271,Phoenix,4/27/21,0.0,0.0,0.0,3000.0,ND,ND,ND,,,0
247/21,Crouch,B015Y,Maldon DC,TQ90429738,Althorne,4/27/21,0.0,0.0,0.0,0.0,ND,ND,ND,,,0
248/21,Holy Island-Ross Links,B001M,Northumberland CC,NU12333958,Ross Links,4/26/21,0.0,0.0,0.0,1480.0,ND,ND,ND,,,0
249/21,Start Bay,B087I,South Hams DC,SX84724671,Off Strete,4/27/21,0.0,40.0,0.0,720.0,ND,ND,ND,,,0
250/21,North Kent Coast,B17BS,Canterbury CC,TR10326689,WOCO Westbeach,4/27/21,0.0,0.0,0.0,400.0,ND,ND,ND,,,0
251/21,Camel,B35AE,Cornwall CC,SW93407530,Porthilly Rock B,4/28/21,0.0,0.0,0.0,2080.0,ND,ND,ND,,,0
252/21,The Wash,B04AP,Kings Lynn & W Norfolk BC,TF65963701,Stubborn Sand,4/27/21,0.0,0.0,0.0,8600.0,ND,ND,ND,,,0
253/21,Blackwater,B014V,Maldon DC,TL91160795,Goldhanger,4/28/21,0.0,0.0,0.0,0.0,ND,ND,ND,,,0
254/21,Porlock,B094D,Somerset West and Taunton Council,SS87114787,Porlock East,4/28/21,0.0,0.0,0.0,0.0,ND,ND,ND,,,0
255/21,Solent,B24BK,Southampton PHA,SZ57479794,Browndown,4/28/21,100.0,0.0,0.0,185500.0,ND,ND,ND,,,1
256/21,Southampton Water,B21AT,Southampton PHA,SU48760530,Hamble Estuary,4/28/21,0.0,0.0,0.0,60900.0,ND,ND,ND,,,0
257/21,Swansea,B037U,Swansea PHA,SS67659210,Queens Dock,4/28/21,0.0,0.0,0.0,0.0,ND,ND,40,,,0
258/21,Exe,B26BH,Teignbridge DC,SX97948072,Cockwood Harbour,4/28/21,0.0,0.0,0.0,0.0,ND,ND,ND,,,0
259/21,Teign,B27AC,Teignbridge DC,SX92827284,Gas Works East,4/28/21,0.0,0.0,0.0,0.0,720,ND,ND,,,0
260/21,Blakeney,B006R,North Norfolk DC,TF91804549,Wells - The Pool,4/29/21,0.0,0.0,0.0,1800.0,ND,ND,ND,,,0
261/21,Fal,B33AN,Cornwall PHA,SW81963551,Mylor Creek,5/4/21,0.0,0.0,0.0,200.0,300,ND,200,,,0
262/21,Fal,B033Y,Cornwall PHA,SW85024095,Ruan Pontoon/Tregothnan,5/4/21,0.0,0.0,0.0,0.0,ND,ND,100,,,0
263/21,Fal,B33BD,Cornwall PHA,SW84093949,Trelissick Pontoon,5/4/21,100.0,0.0,0.0,0.0,ND,ND,ND,,,1
264/21,Porthallow Cove,B34AA,Cornwall PHA,SW80212383,Porthallow North,5/4/21,0.0,0.0,0.0,6280.0,ND,ND,ND,,,0
265/21,Butley,B009E,East Suffolk DC,TM39434850,Pumping Station Outfall,5/4/21,0.0,0.0,0.0,4600.0,ND,ND,ND,,,0
266/21,Deben,B010O,East Suffolk DC,TM28834500,Stonner Point,5/4/21,-1.0,-1.0,-1.0,-1.0,"Unable to analyse, too much sediment","Unable to analyse, too much sediment","Unable to analyse, too much sediment",,,0
267/21,Brancaster,B05AS,Kings Lynn & W Norfolk BC,TF79884539,Norton Creek Mussels,5/4/21,0.0,0.0,0.0,2900.0,ND,ND,ND,,,0
268/21,Taw/Torridge,B36AB,Torridge DC,SS46573142,Spratt Ridge East,5/4/21,0.0,0.0,0.0,400.0,ND,ND,ND,,,0
270/21,West Mersea,B013Z,Colchester BC,TM00001301,The Hard,5/5/21,0.0,0.0,0.0,1900.0,ND,ND,ND,,,0
271/21,Blackwater,B14AD,Maldon DC,TM04060768,St Peters Flats,5/5/21,0.0,0.0,0.0,2000.0,ND,ND,ND,,,0
272/21,Lantivet Bay,B70AI,Cornwall PHA,SX16305094,Sandheap Point,5/5/21,0.0,0.0,0.0,1840.0,ND,ND,ND,,,0
273/21,Mevagissey Bay,B70AK,Cornwall PHA,SX05214698,South Mevagissey Bottom,5/5/21,0.0,80.0,0.0,2280.0,ND,ND,ND,,,0
274/21,St Austell Bay,B70AE,Cornwall PHA,SX05744972,Ropehaven Outer,5/5/21,0.0,0.0,0.0,7080.0,ND,ND,ND,,,0
275/21,Yealm,B031J,Plymouth PHA,SX54224904,Thorn,5/5/21,0.0,0.0,0.0,0.0,ND,ND,ND,,,0
276/21,Start Bay,B087I,South Hams DC,SX84724671,Off Strete,5/5/21,0.0,0.0,0.0,80.0,ND,ND,ND,,,0
277/21,The Wash,B003V,Boston BC,TF44234098,Toft,5/10/21,0.0,0.0,0.0,0.0,ND,ND,ND,,,0
278/21,Burry Inlet,B038I,City and Council of Swansea,SS50509590,South East 4,5/10/21,0.0,0.0,0.0,0.0,ND,ND,ND,,,0
279/21,Helford,B034W,Cornwall PHA,SW75462765,Porth Navas Quay,5/10/21,200.0,0.0,0.0,1000.0,ND,ND,ND,,,1
280/21,Roach,B73AF,London PHA,TQ94909207,Paglesham,5/10/21,0.0,0.0,0.0,0.0,ND,ND,ND,,,0
281/21,The Thames,B16CN,London PHA,TR06779599,Crouch Approach,5/10/21,0.0,0.0,0.0,13080.0,ND,ND,ND,,,0
282/21,The Thames,B16CM,London PHA,TR00508769,East of Havengore Creek,5/10/21,0.0,0.0,0.0,17400.0,ND,ND,ND,,,0
283/21,The Thames,B16BR,London PHA,TQ93798271,Phoenix,5/10/21,0.0,0.0,0.0,13720.0,ND,ND,ND,,,0
284/21,Holy Island-Ross Links,B001M,Northumberland CC,NU12333958,Ross Links,5/10/21,0.0,0.0,0.0,0.0,ND,ND,ND,,,0
285/21,Bigbury upon Avon,B030J,South Hams DC,SX67114467,South Hexdown North,5/10/21,0.0,0.0,0.0,80.0,ND,ND,ND,,,0
286/21,Dart,B028P,South Hams DC,SX87945350,Long Wood South,5/10/21,0.0,0.0,0.0,400.0,ND,ND,40,,,0
287/21,Anglesey - Red Wharf Bay,B057J,Ynys Mon CC,SH53148022,Nodwydd,5/10/21,0.0,0.0,0.0,200.0,ND,ND,ND,,,0
288/21,Poole,B54CI,"Bournemouth, Poole and Christchurch Council",SZ01818871,West Brownsea 1,5/11/21,0.0,0.0,0.0,11300.0,ND,ND,ND,,,0
289/21,Burry Inlet,B038Y,Carmarthenshire CC,SS50209860,Machynys,5/11/21,0.0,0.0,40.0,0.0,ND,ND,ND,,,0
290/21,Burry Inlet,B038L,City and Council of Swansea,SS43409470,Whitford Point,5/11/21,0.0,0.0,0.0,240.0,ND,ND,ND,,,0
291/21,Conwy,B044V,Conwy CBC,SH76317972,Conwy West,5/11/21,0.0,0.0,0.0,8300.0,ND,ND,ND,,,0
292/21,Camel,B35AE,Cornwall CC,SW93407530,Porthilly Rock B,5/11/21,0.0,0.0,0.0,2100.0,ND,ND,ND,,,0
293/21,The Fleet,B25AI,Dorset Council,SY66477627,Fleet Oysters,5/11/21,0.0,0.0,40.0,360.0,ND,ND,ND,,,0
294/21,The Wash,B04AP,Kings Lynn & W Norfolk BC,TF65963701,Stubborn Sand,5/11/21,0.0,0.0,0.0,800.0,ND,ND,ND,,,0
295/21,Crouch,B015Y,Maldon DC,TQ90429738,Althorne,5/11/21,0.0,0.0,0.0,0.0,ND,ND,ND,,,0
296/21,Swansea,B037U,Swansea PHA,SS67659210,Queens Dock,5/11/21,0.0,0.0,0.0,0.0,ND,ND,ND,,,0
297/21,Exe,B26BH,Teignbridge DC,SX97948072,Cockwood Harbour,5/11/21,0.0,0.0,0.0,1200.0,ND,ND,ND,,,0
298/21,Teign,B27AC,Teignbridge DC,SX92827284,Gas Works East,5/11/21,0.0,0.0,0.0,4800.0,ND,ND,ND,,,0
299/21,North Kent Coast,B17BS,Canterbury CC,TR10326689,WOCO Westbeach,5/11/21,0.0,0.0,0.0,0.0,ND,ND,ND,,,0
300/21,Fal,B33BD,Cornwall PHA,SW84093949,Trelissick Pontoon,5/12/21,0.0,0.0,0.0,1120.0,ND,ND,ND,,,0
301/21,Deben,B010O,East Suffolk DC,TM28834500,Stonner Point,5/12/21,0.0,0.0,0.0,0.0,ND,ND,ND,,,0
302/21,Dee,B45AB,Flintshire CC,SJ17568056,Salisbury,5/11/21,0.0,0.0,0.0,66400.0,ND,ND,200,,,0
303/21,Blackwater,B014V,Maldon DC,TL91160795,Goldhanger,5/12/21,0.0,0.0,0.0,0.0,ND,ND,ND,,,0
304/21,Porlock,B094D,Somerset West and Taunton Council,SS87114787,Porlock East,5/12/21,0.0,0.0,0.0,400.0,ND,ND,ND,,,0
305/21,Solent,B24BK,Southampton PHA,SZ57479794,Browndown,5/12/21,0.0,0.0,0.0,152900.0,ND,ND,100,,,1
306/21,Southampton Water,B21AT,Southampton PHA,SU48760530,Hamble Estuary,5/12/21,0.0,0.0,0.0,71400.0,ND,ND,ND,,,0
307/21,Blakeney,B006R,North Norfolk DC,TF91804549,Wells - The Pool,5/13/21,0.0,0.0,0.0,800.0,ND,ND,ND,,,0
308/21,Milford Haven,B39CZ,Pembrokeshire CC,SM89000275,Tethys Oyster,5/12/21,100.0,0.0,0.0,0.0,ND,ND,ND,,,1
309/21,Lantivet Bay,B70AH,Cornwall PHA,SX16305094,Sandheap Point,5/17/21,0.0,0.0,0.0,13520.0,ND,ND,ND,,,0
310/21,Mevagissey Bay,B70AK,Cornwall PHA,SX05214698,South Mevagissey Bottom,5/17/21,0.0,0.0,0.0,42120.0,ND,ND,ND,,,0
311/21,St Austell Bay,B70AE,Cornwall PHA,SX05744972,Ropehaven Outer,5/17/21,0.0,40.0,0.0,38520.0,ND,ND,ND,,,0
312/21,Portland,B25AK,Dorset Council,SY68707757,Site A,5/17/21,0.0,0.0,0.0,800.0,ND,ND,ND,,,0
313/21,Brancaster,B05AS,Kings Lynn & W Norfolk BC,TF79884539,Norton Creek Mussels,5/17/21,40.0,0.0,0.0,1640.0,ND,ND,80,,,1
314/21,Taw/Torridge,B36AB,Torridge DC,SS46573142,Spratt Ridge East,5/17/21,0.0,0.0,0.0,1300.0,ND,ND,ND,,,0
315/21,Fal,B33AN,Cornwall PHA,SW81963551,Mylor Creek,5/18/21,0.0,0.0,0.0,6440.0,ND,ND,280,,,0
316/21,Fal,B033Y,Cornwall PHA,SW85024095,Ruan Pontoon/Tregothnan,5/18/21,0.0,0.0,0.0,4800.0,ND,ND,160,,,0
317/21,Fal,B33BD,Cornwall PHA,SW84093949,Trelissick Pontoon,5/18/21,0.0,0.0,0.0,3280.0,ND,ND,80,,,0
318/21,Helford,B034W,Cornwall PHA,SW75462765,Porth Navas Quay,5/17/21,0.0,0.0,0.0,0.0,ND,ND,ND,,,0
319/21,Butley,B009E,East Suffolk DC,TM39434850,Pumping Station Outfall,5/18/21,0.0,0.0,0.0,2000.0,ND,ND,ND,,,0
320/21,Deben,B010O,East Suffolk DC,TM28834500,Stonner Point,5/18/21,0.0,0.0,0.0,400.0,ND,ND,ND,,,0
321/21,Blackwater,B14AD,Maldon DC,TM04060768,St Peters Flats,5/18/21,0.0,0.0,0.0,1900.0,ND,ND,ND,,,0
322/21,Start Bay,B087I,South Hams DC,SX84724671,Off Strete,5/18/21,0.0,40.0,0.0,13680.0,ND,ND,ND,,,0
323/21,Solent,B24BK,Southampton PHA,SZ57479794,Browndown,5/18/21,0.0,0.0,0.0,252000.0,ND,ND,ND,,,1
324/21,Porthallow Cove,B34AA,Cornwall PHA,SW80212383,Porthallow North,5/19/21,0.0,0.0,0.0,18400.0,ND,ND,ND,,,0
325/21,Swale,B076P,Swale BC,TR01316497,The Causeway,5/19/21,0.0,0.0,0.0,1800.0,ND,ND,ND,,,0
326/21,Lune,BO66Z,Wyre BC,SD34194862,Knott Spit,5/19/21,0.0,0.0,0.0,0.0,ND,ND,ND,,,0
328/21,West Mersea,B013Z,Colchester BC,TM00001301,The Hard,5/24/21,0.0,0.0,0.0,1600.0,ND,ND,ND,,,0
330/21,Brancaster,B05AS,Kings Lynn & W Norfolk BC,TF79884539,Norton Creek Mussels,5/24/21,0.0,0.0,0.0,8000.0,ND,ND,ND,,,0
331/21,Roach,B73AF,London PHA,TQ94909207,Paglesham,5/24/21,0.0,0.0,0.0,1300.0,ND,ND,ND,,,0
332/21,Bigbury upon Avon,B030J,South Hams DC,SX67114467,South Hexdown North,5/24/21,0.0,0.0,0.0,0.0,ND,ND,ND,,,0
333/21,Dart,B028B,South Hams DC,SX87415599,Waddeton,5/24/21,0.0,0.0,0.0,0.0,ND,ND,ND,,,0
334/21,Anglesey - Red Wharf Bay,B057J,Ynys Mon CC,SH53148022,Nodwydd,5/24/21,0.0,0.0,0.0,1360.0,ND,ND,ND,,,0
335/21,Morecambe Bay - Barrow,B077Q,Barrow-in-Furness BC,SD23116464,Roa Island,5/25/21,0.0,0.0,0.0,0.0,ND,ND,ND,,,0
336/21,North Kent Coast,B17BS,Canterbury CC,TR10326689,WOCO Westbeach,5/24/21,0.0,0.0,0.0,0.0,ND,ND,ND,,,0
337/21,Conwy,B044V,Conwy CBC,SH76317972,Conwy West,5/25/21,0.0,0.0,0.0,5800.0,ND,ND,ND,,,0
338/21,The Fleet,B25AI,Dorset Council,SY66477627,Fleet Oysters,5/25/21,0.0,0.0,0.0,760.0,ND,ND,ND,,,0
339/21,Holy Island-Ross Links,B001M,Northumberland CC,NU12333958,Ross Links,5/24/21,0.0,0.0,0.0,0.0,ND,ND,ND,,,0
340/21,Milford Haven,B39CZ,Pembrokeshire CC,SM89000275,Tethys Oyster,5/24/21,0.0,0.0,0.0,0.0,ND,ND,ND,,,0
341/21,Helford,B034W,Cornwall PHA,SW75462765,Porth Navas Quay,5/26/21,0.0,0.0,0.0,7560.0,ND,ND,ND,,,0
342/21,Dee,B45AB,Flintshire CC,SJ17568056,Salisbury,5/26/21,0.0,0.0,0.0,27800.0,ND,ND,ND,,,0
343/21,Menai Strait East,B055S,Gwynedd CC,SH58337328,West of Bangor Pier,5/26/21,0.0,0.0,0.0,3200.0,ND,ND,100,,,0
344/21,Menai Strait West,B042O,Gwynedd CC,SH49916579,Area 11 East,5/26/21,0.0,0.0,0.0,1300.0,ND,ND,ND,,,0
345/21,The Thames,B16CN,London PHA,TR06779599,Crouch Approach,5/26/21,0.0,0.0,0.0,600.0,ND,ND,ND,,,0
346/21,The Thames,B16CM,London PHA,TR00508769,East of Havengore Creek,5/26/21,0.0,0.0,0.0,1600.0,ND,ND,ND,,,0
347/21,The Thames,B16BR,London PHA,TQ93798271,Phoenix,5/26/21,0.0,0.0,0.0,3800.0,ND,ND,ND,,,0
348/21,Crouch,B015Y,Maldon DC,TQ90429738,Althorne,5/26/21,0.0,0.0,0.0,1800.0,ND,ND,ND,,,0
349/21,Porlock,B094D,Somerset West and Taunton Council,SS87114787,Porlock East,5/26/21,0.0,0.0,0.0,0.0,ND,ND,ND,,,0
350/21,Solent,B24BK,Southampton PHA,SZ57479794,Browndown,5/26/21,0.0,0.0,0.0,289400.0,ND,ND,ND,,,1
351/21,Southampton Water,B21AT,Southampton PHA,SU48760530,Hamble Estuary,5/26/21,0.0,0.0,0.0,68760.0,ND,ND,ND,,,0
352/21,Swansea,B037U,Swansea PHA,SS67659210,Queens Dock,5/26/21,0.0,0.0,0.0,0.0,ND,ND,ND,,,0
353/21,Brixham,B082B,Torbay BC,SX90965741,Fishcombe SW Corner,5/26/21,0.0,160.0,0.0,15280.0,ND,ND,ND,,,1
354/21,Lyme Bay,B090M,Torbay BC,UNVERIFIED,Site 1,5/25/21,40.0,160.0,0.0,23000.0,ND,ND,ND,,,1
355/21,Blackwater,B014V,Maldon DC,TL91160795,Goldhanger,5/27/21,0.0,0.0,0.0,0.0,ND,ND,ND,,,0
356/21,Blakeney,B006R,North Norfolk DC,TF91804549,Wells - The Pool,5/27/21,0.0,0.0,0.0,34600.0,ND,ND,ND,,,0
357/21,Exe,B26BH,Teignbridge DC,SX97948072,Cockwood Harbour,5/27/21,0.0,0.0,0.0,60000.0,ND,ND,ND,,,0
358/21,Teign,B27AC,Teignbridge DC,SX92827284,Gas Works East,5/27/21,0.0,0.0,0.0,43000.0,ND,ND,ND,,,0
359/21,Fal,B033Y,Cornwall PHA,SW85024095,Ruan Pontoon/Tregothnan,6/1/21,0.0,0.0,0.0,6640.0,ND,ND,200,,,0
360/21,Fal,B33BD,Cornwall PHA,SW84093949,Trelissick Pontoon,6/1/21,0.0,0.0,0.0,8800.0,ND,ND,ND,,,0
361/21,Lantivet Bay,B70AH,Cornwall PHA,SX16305094,Sandheap Point,6/1/21,0.0,40.0,0.0,16600.0,ND,ND,ND,,,0
362/21,Mevagissey Bay,B70AK,Cornwall PHA,SX05214698,South Mevagissey Bottom,6/1/21,120.0,520.0,0.0,17120.0,ND,ND,ND,,,1
363/21,St Austell Bay,B70AE,Cornwall PHA,SX05744972,Ropehaven Outer,6/1/21,0.0,240.0,0.0,6320.0,ND,ND,240,,,1
364/21,Portland,B25AK,Dorset Council,SY68707757,Site A,6/1/21,0.0,0.0,0.0,560.0,ND,ND,ND,,,0
365/21,Brancaster,B05AS,Kings Lynn & W Norfolk BC,TF79884539,Norton Creek Mussels,6/1/21,0.0,0.0,0.0,48400.0,ND,ND,200,,,0
366/21,Blackwater,B14AD,Maldon DC,TM04060768,St Peters Flats,6/1/21,0.0,0.0,0.0,1100.0,ND,ND,ND,,,0
367/21,Brixham,B082B,Torbay BC,SX90965741,Fishcombe SW Corner,6/1/21,80.0,160.0,0.0,252000.0,ND,ND,40,,,1
368/21,Lyme Bay,B090M,Torbay BC,UNVERIFIED,Site 1,5/31/21,0.0,240.0,0.0,162000.0,ND,ND,ND,,,1
369/21,Taw/Torridge,B36AB,Torridge DC,SS46573142,Spratt Ridge East,6/1/21,0.0,0.0,0.0,24600.0,ND,ND,ND,,,0
370/21,Camel,B35AE,Cornwall CC,SW93407530,Porthilly Rock B,6/2/21,0.0,0.0,0.0,4200.0,ND,ND,ND,,,0
371/21,Fal,B33AN,Cornwall PHA,SW81963551,Mylor Creek,6/2/21,40.0,0.0,40.0,8920.0,ND,ND,40,,,1
372/21,Porthallow Cove,B34AA,Cornwall PHA,SW80212383,Porthallow North,6/2/21,320.0,320.0,0.0,16320.0,ND,ND,ND,,,1
373/21,Butley,B009E,East Suffolk DC,TM39434850,Pumping Station Outfall,6/3/21,0.0,0.0,0.0,600.0,ND,ND,ND,,,0
374/21,Deben,B010O,East Suffolk DC,TM28834500,Stonner Point,6/3/21,0.0,0.0,0.0,0.0,ND,ND,ND,,,0
375/21,Mevagissey Bay,B70AK,Cornwall PHA,SX05214698,South Mevagissey Bottom,6/7/21,0.0,200.0,0.0,1680.0,ND,ND,ND,,,1
376/21,St Austell Bay,B70AE,Cornwall PHA,SX05744972,Ropehaven Outer,6/7/21,0.0,280.0,0.0,520.0,ND,ND,ND,,,1
377/21,Roach,B73AF,London PHA,TQ94909207,Paglesham,6/7/21,0.0,0.0,0.0,840.0,ND,ND,ND,,,0
378/21,The Thames,B16CN,London PHA,TR06779599,Crouch Approach,6/7/21,0.0,0.0,0.0,220.0,ND,ND,ND,,,0
379/21,The Thames,B16CM,London PHA,TR00508769,East of Havengore Creek,6/7/21,0.0,0.0,0.0,2840.0,ND,ND,ND,,,0
380/21,The Thames,B16BR,London PHA,TQ93798271,Phoenix,6/7/21,40.0,0.0,0.0,1240.0,ND,ND,ND,,,1
381/21,Holy Island-Ross Links,B001M,Northumberland CC,NU12333958,Ross Links,6/6/21,0.0,0.0,0.0,0.0,ND,ND,ND,,,0
382/21,Bigbury upon Avon,B030J,South Hams DC,SX67114467,South Hexdown North,6/7/21,0.0,0.0,0.0,320.0,ND,ND,ND,,,0
383/21,Anglesey - Red Wharf Bay,B057J,Ynys Mon CC,SH53148022,Nodwydd,6/7/21,0.0,0.0,0.0,3080.0,ND,ND,40,,,0
384/21,Morecambe Bay - Barrow,B077Q,Barrow-in-Furness BC,SD23116464,Roa Island,6/8/21,0.0,0.0,0.0,0.0,ND,ND,ND,,,0
385/21,The Wash,B003V,Boston BC,TF44234098,Toft,6/7/21,0.0,0.0,0.0,15100.0,ND,ND,100,,,0
386/21,Poole,B54CI,"Bournemouth, Poole and Christchurch Council",SZ01818871,West Brownsea 1,6/8/21,0.0,0.0,0.0,52700.0,ND,ND,ND,,,0
387/21,North Kent Coast,B17BS,Canterbury CC,TR10326689,WOCO Westbeach,6/7/21,0.0,0.0,0.0,0.0,ND,ND,ND,,,0
388/21,Helford,B034W,Cornwall PHA,SW75462765,Porth Navas Quay,6/8/21,0.0,0.0,0.0,0.0,ND,ND,ND,,,0
389/21,The Fleet,B25AI,Dorset Council,SY66477627,Fleet Oysters,6/8/21,0.0,0.0,0.0,960.0,ND,ND,ND,,,0
390/21,The Wash,B04AP,Kings Lynn & W Norfolk BC,TF65963701,Stubborn Sand,6/7/21,0.0,0.0,0.0,4700.0,ND,ND,ND,,,0
391/21,Porlock,B094D,Somerset West and Taunton Council,SS87114787,Porlock East,6/7/21,0.0,0.0,0.0,0.0,ND,ND,ND,,,0
392/21,Brixham,B082B,Torbay BC,SX90965741,Fishcombe SW Corner,6/7/21,0.0,80.0,0.0,11560.0,ND,ND,ND,,,0
393/21,Lyme Bay,B090M,Torbay BC,UNVERIFIED,Site 1,6/7/21,0.0,80.0,0.0,45440.0,ND,ND,ND,,,0
394/21,Fal,B33AN,Cornwall PHA,SW81963551,Mylor Creek,6/9/21,0.0,0.0,0.0,960.0,ND,ND,ND,,,0
395/21,Porthallow Cove,B34AA,Cornwall PHA,SW80212383,Porthallow North,6/9/21,0.0,0.0,0.0,3520.0,ND,ND,ND,,,0
396/21,Dee,B45AB,Flintshire CC,SJ17568056,Salisbury,6/9/21,0.0,0.0,0.0,52200.0,ND,ND,ND,,,0
397/21,Blackwater,B14AD,Maldon DC,TM04060768,St Peters Flats,6/9/21,0.0,0.0,0.0,400.0,ND,ND,ND,,,0
398/21,Dart,B028P,South Hams DC,SX87945350,Long Wood South,6/9/21,0.0,40.0,0.0,19240.0,ND,ND,200,,,0
399/21,Start Bay,B087I,South Hams DC,SX84724671,Off Strete,6/9/21,0.0,0.0,0.0,11000.0,ND,ND,ND,,,0
400/21,Solent,B24BK,Southampton PHA,SZ57479794,Browndown,6/9/21,0.0,0.0,0.0,13600.0,ND,ND,ND,,,0
401/21,Southampton Water,B21AT,Southampton PHA,SU48760530,Hamble Estuary,6/9/21,40.0,0.0,0.0,19360.0,ND,ND,ND,,,1
402/21,Swansea,B037U,Swansea PHA,SS67659210,Queens Dock,6/9/21,0.0,0.0,0.0,0.0,ND,ND,240,,,0
403/21,Milford Haven,B39CZ,Pembrokeshire CC,SM89000275,Tethys Oyster,6/10/21,0.0,0.0,0.0,0.0,ND,ND,ND,,,0
404/21,Burry Inlet,B038L,City and Council of Swansea,SS43409470,Whitford Point,6/14/21,0.0,0.0,0.0,720.0,ND,ND,ND,,,0
405/21,Lantivet Bay,B70AH,Cornwall PHA,SX16305094,Sandheap Point,6/14/21,0.0,0.0,40.0,40.0,ND,ND,ND,,,0
406/21,Mevagissey Bay,B70AK,Cornwall PHA,SX05214698,South Mevagissey Bottom,6/14/21,0.0,40.0,0.0,560.0,ND,ND,ND,,,0
407/21,St Austell Bay,B70AE,Cornwall PHA,SX05744972,Ropehaven Outer,6/14/21,200.0,280.0,0.0,2400.0,ND,ND,ND,,,1
408/21,Portland,B25AM,Dorset Council,SY68707757,Site A,6/14/21,0.0,0.0,0.0,2720.0,ND,ND,ND,,,0
409/21,Menai Strait East,B055S,Gwynedd CC,SH58337328,West of Bangor Pier,6/13/21,0.0,0.0,0.0,7200.0,ND,ND,ND,,,0
410/21,Menai Strait West,B042O,Gwynedd CC,SH49916579,Area 11 East,6/14/21,0.0,400.0,0.0,800.0,ND,ND,ND,,,1
411/21,Swale,B076P,Swale BC,TR01316497,The Causeway,6/14/21,0.0,0.0,0.0,0.0,ND,ND,ND,,,0
412/21,Taw/Torridge,B36AB,Torridge DC,SS46573142,Spratt Ridge East,6/14/21,0.0,40.0,0.0,1560.0,40,ND,ND,,,0
413/21,Burry Inlet,B038I,City and Council of Swansea,SS50509590,South East 4,6/15/21,0.0,0.0,0.0,24900.0,ND,ND,ND,,,0
414/21,Camel,B35AE,Cornwall CC,SW93407530,Porthilly Rock B,6/15/21,0.0,0.0,0.0,0.0,ND,ND,ND,,,0
415/21,Butley,B009E,East Suffolk DC,TM39434850,Pumping Station Outfall,6/15/21,0.0,0.0,0.0,0.0,ND,ND,200,,,0
416/21,Brancaster,B05AS,Kings Lynn & W Norfolk BC,TF79884539,Norton Creek Mussels,6/15/21,0.0,0.0,0.0,58600.0,ND,ND,300,,,0
417/21,Blakeney,B006R,North Norfolk DC,TF91804549,Wells - The Pool,6/15/21,0.0,0.0,0.0,753000.0,ND,ND,1000,,,1
418/21,Exe,B26BH,Teignbridge DC,SX97948072,Cockwood Harbour,6/15/21,0.0,0.0,0.0,1200.0,ND,ND,ND,,,0
419/21,Teign,B27AC,Teignbridge DC,SX92827284,Gas Works East,6/15/21,0.0,0.0,0.0,6880.0,ND,ND,ND,,,0
420/21,Fal,B33AN,Cornwall PHA,SW81963551,Mylor Creek,6/16/21,0.0,0.0,0.0,2900.0,ND,ND,ND,,,0
421/21,Fal,B033Y,Cornwall PHA,SW85024095,Ruan Pontoon/Tregothnan,6/16/21,0.0,0.0,0.0,3480.0,ND,ND,ND,,,0
422/21,Fal,B33BD,Cornwall PHA,SW84093949,Trelissick Pontoon,6/16/21,0.0,0.0,0.0,2200.0,ND,ND,ND,,,0
423/21,Porthallow Cove,B34AA,Cornwall PHA,SW80212383,Porthallow North,6/16/21,0.0,80.0,0.0,1000.0,ND,ND,ND,,,0
424/21,Southampton Water,B21AT,Southampton PHA,SU48760530,Hamble Estuary,6/16/21,40.0,0.0,0.0,118000.0,ND,ND,ND,,,1
425/21,Lyme Bay,B090M,Torbay BC,UNVERIFIED,Site 1,6/15/21,0.0,160.0,0.0,5480.0,ND,ND,ND,,,1
426/21,Deben,B010O,East Suffolk DC,TM28834500,Stonner Point,6/15/21,0.0,0.0,0.0,0.0,ND,ND,ND,,,0
428/21,West Mersea,B013Z,Colchester BC,TM00001301,The Hard,6/21/21,0.0,0.0,0.0,480.0,ND,ND,ND,,,0
429/21,Helford,B034W,Cornwall PHA,SW75462765,Porth Navas Quay,6/21/21,0.0,0.0,0.0,0.0,ND,ND,ND,,,0
430/21,St Austell Bay,B70AE,Cornwall PHA,SX05744972,Ropehaven Outer,6/21/21,0.0,200.0,0.0,80.0,ND,ND,ND,,,1
431/21,Roach,B73AF,London PHA,TQ94909207,Paglesham,6/21/21,0.0,0.0,0.0,200.0,ND,ND,200,,,0
432/21,Morecambe Bay - Barrow,B077Q,Barrow-in-Furness BC,SD23116464,Roa Island,6/22/21,0.0,0.0,0.0,160.0,ND,ND,ND,,,0
433/21,North Kent Coast,B17BS,Canterbury CC,TR10326689,WOCO Westbeach,6/21/21,0.0,0.0,0.0,0.0,ND,ND,ND,,,0
434/21,The Fleet,B25AI,Dorset Council,SY66477627,Fleet Oysters,6/22/21,0.0,0.0,0.0,7120.0,ND,ND,ND,,,0
435/21,Holy Island-Ross Links,B001M,Northumberland CC,NU12333958,Ross Links,6/20/21,0.0,0.0,0.0,0.0,ND,ND,ND,,,0
436/21,Anglesey - Red Wharf Bay,B057J,Ynys Mon CC,SH53148022,Nodwydd,6/22/21,0.0,80.0,0.0,9360.0,ND,ND,ND,,,0
437/21,The Thames,B16CN,London PHA,TR06779599,Crouch Approach,6/23/21,0.0,0.0,0.0,0.0,ND,ND,ND,,,0
438/21,The Thames,B16CM,London PHA,TR00508769,East of Havengore Creek,6/23/21,0.0,0.0,0.0,400.0,ND,ND,ND,,,0
439/21,The Thames,B16BR,London PHA,TQ93798271,Phoenix,6/23/21,0.0,0.0,0.0,1000.0,ND,ND,ND,,,0
440/21,Blackwater,B14AD,Maldon DC,TM04060768,St Peters Flats,6/23/21,-1.0,-1.0,-1.0,-1.0,"Unable to analyse, too much sediment","Unable to analyse, too much sediment","Unable to analyse, too much sediment",,,0
441/21,Crouch,B015Y,Maldon DC,TQ90429738,Althorne,6/23/21,0.0,0.0,0.0,0.0,ND,ND,ND,,,0
442/21,Bigbury upon Avon,B030J,South Hams DC,SX67114467,South Hexdown North,6/23/21,40.0,0.0,0.0,160.0,ND,ND,ND,,,1
443/21,Solent,B24BK,Southampton PHA,SZ57479794,Browndown,6/23/21,0.0,0.0,0.0,12760.0,ND,ND,ND,,,0
444/21,Southampton Water,B21AT,Southampton PHA,SU48760530,Hamble Estuary,6/23/21,0.0,0.0,0.0,0.0,ND,ND,ND,,,0
445/21,Swansea,B037U,Swansea PHA,SS67659210,Queens Dock,6/23/21,0.0,0.0,0.0,1000.0,ND,ND,280000,,,0
446/21,Blackwater,B014V,Maldon DC,TL91160795,Goldhanger,6/24/21,0.0,0.0,0.0,0.0,ND,ND,ND,,,0
447/21,Milford Haven,B39CZ,Pembrokeshire CC,SM89000275,Tethys Oyster,6/23/21,0.0,0.0,0.0,1080.0,ND,ND,ND,,,0
448/21,Porlock,B094D,Somerset West and Taunton Council,SS87114787,Porlock East,6/24/21,0.0,0.0,0.0,400.0,ND,ND,ND,,,0
449/21,Lyme Bay,B090M,Torbay BC,UNVERIFIED,Site 1,6/23/21,0.0,120.0,0.0,11320.0,ND,ND,ND,,,1
450/21,Taw/Torridge,B36AB,Torridge DC,SS46573142,Spratt Ridge East,6/24/21,0.0,0.0,0.0,6480.0,ND,ND,ND,,,0
451/21,Dee,B45AB,Flintshire CC,SJ17568056,Salisbury,6/24/21,0.0,0.0,0.0,1200.0,ND,ND,ND,,,0
452/21,Burry Inlet,B038Y,Carmarthenshire CC,SS50209860,Machynys,6/28/21,0.0,40.0,0.0,0.0,ND,ND,ND,,,0
453/21,Camel,B35AE,Cornwall CC,SW93407530,Porthilly Rock B,6/28/21,0.0,200.0,0.0,240.0,ND,ND,ND,,,1
454/21,Portland,B25AK,Dorset Council,SY68707757,Site A,6/28/21,0.0,0.0,0.0,109000.0,ND,ND,ND,,,0
455/21,Butley,B009E,East Suffolk DC,TM39434850,Pumping Station Outfall,6/29/21,0.0,0.0,0.0,0.0,ND,ND,ND,,,0
456/21,Deben,B010O,East Suffolk DC,TM28834500,Stonner Point,6/29/21,0.0,0.0,0.0,0.0,ND,ND,ND,,,0
457/21,Blakeney,B006R,North Norfolk DC,TF91804549,Wells - The Pool,6/29/21,0.0,0.0,0.0,9000.0,ND,ND,ND,,,0
458/21,Start Bay,B087I,South Hams DC,SX84724671,Off Strete,6/29/21,0.0,0.0,0.0,12000.0,ND,ND,ND,,,0
459/21,Exe,B26BH,Teignbridge DC,SX97948072,Cockwood Harbour,6/29/21,0.0,0.0,0.0,13400.0,ND,ND,ND,,,0
460/21,Teign,B27AC,Teignbridge DC,SX92827284,Gas Works East,6/29/21,0.0,0.0,0.0,7680.0,ND,ND,ND,,,0
461/21,Fal,B33AN,Cornwall PHA,SW81963551,Mylor Creek,6/30/21,0.0,0.0,0.0,200.0,ND,ND,ND,,,0
462/21,Fal,B033Y,Cornwall PHA,SW85024095,Ruan Pontoon/Tregothnan,6/30/21,200.0,160.0,0.0,240.0,ND,ND,ND,,,1
463/21,Fal,B33BD,Cornwall PHA,SW84093949,Trelissick Pontoon,6/30/21,40.0,0.0,0.0,0.0,ND,ND,ND,,,1
464/21,Lantivet Bay,B70AH,Cornwall PHA,SX16305094,Sandheap Point,6/30/21,200.0,400.0,0.0,4600.0,ND,ND,ND,,,1
465/21,Mevagissey Bay,B70AK,Cornwall PHA,SX05214698,South Mevagissey Bottom,6/30/21,40.0,800.0,0.0,2080.0,ND,ND,ND,,,1
466/21,Porthallow Cove,B34AA,Cornwall PHA,SW80212383,Porthallow North,6/30/21,40.0,400.0,0.0,720.0,ND,ND,ND,,,1
467/21,St Austell Bay,B70AE,Cornwall PHA,SX05744972,Ropehaven Outer,6/30/21,40.0,1360.0,0.0,1840.0,ND,ND,ND,,,1
468/21,Menai Strait East,B055S,Gwynedd CC,SH58337328,West of Bangor Pier,6/29/21,0.0,0.0,0.0,0.0,ND,ND,ND,,,0
469/21,Menai Strait West,B042O,Gwynedd CC,SH49916579,Area 11 East,6/30/21,0.0,200.0,0.0,0.0,ND,ND,1200,,,1
470/21,Lyme Bay,B090M,Torbay BC,UNVERIFIED,Site 1,6/29/21,0.0,40.0,0.0,1840.0,ND,ND,ND,,,0
471/21,Brancaster,B05AS,Kings Lynn & W Norfolk BC,TF79884539,Norton Creek Mussels,7/1/21,0.0,0.0,0.0,200.0,ND,ND,ND,,,0
472/21,Blackwater,B014V,Maldon DC,TL91160795,Goldhanger,7/5/21,0.0,0.0,0.0,0.0,ND,ND,ND,,,0
473/21,Crouch,B015Y,Maldon DC,TQ90429738,Althorne,7/5/21,0.0,0.0,0.0,0.0,ND,ND,ND,,,0
474/21,Holy Island-Ross Links,B001M,Northumberland CC,NU12333958,Ross Links,7/4/21,0.0,0.0,0.0,0.0,ND,ND,ND,,,0
475/21,Swansea,B037U,Swansea PHA,SS67659210,Queens Dock,7/5/21,0.0,0.0,0.0,0.0,ND,ND,1574000,,,0
476/21,Helford,B034W,Cornwall PHA,SW75462765,Porth Navas Quay,7/6/21,0.0,0.0,0.0,300.0,ND,ND,ND,,,0
477/21,The Fleet,B25AI,Dorset Council,SY66477627,Fleet Oysters,7/6/21,0.0,0.0,200.0,5200.0,ND,ND,ND,,,1
478/21,Yealm,B031J,Plymouth PHA,SX54224904,Thorn,7/6/21,100.0,0.0,0.0,400.0,ND,ND,ND,,,1
479/21,Lyme Bay,B090M,Torbay BC,UNVERIFIED,Site 1,7/5/21,0.0,0.0,0.0,5800.0,ND,ND,ND,,,0
480/21,West Mersea,B013Z,Colchester BC,TM00001301,The Hard,7/7/21,0.0,0.0,0.0,0.0,ND,ND,ND,,,0
482/21,Camel,B35AE,Cornwall CC,SW93407530,Porthilly Rock B,7/7/21,0.0,400.0,0.0,0.0,ND,ND,ND,,,1
483/21,Fal,B033Y,Cornwall PHA,SW85024095,Ruan Pontoon/Tregothnan,7/7/21,0.0,0.0,0.0,0.0,ND,ND,ND,,,0
484/21,Fal,B33BD,Cornwall PHA,SW84093949,Trelissick Pontoon,7/7/21,400.0,0.0,0.0,600.0,ND,ND,ND,,,1
485/21,Lantivet Bay,B70AH,Cornwall PHA,SX16305094,Sandheap Point,7/7/21,0.0,240.0,0.0,2360.0,ND,ND,40,,,1
486/21,Porthallow Cove,B34AA,Cornwall PHA,SW80212383,Porthallow North,7/7/21,0.0,720.0,0.0,2000.0,ND,ND,ND,,,1
487/21,St Austell Bay,B70AE,Cornwall PHA,SX05744972,Ropehaven Outer,7/7/21,0.0,640.0,0.0,400.0,ND,ND,ND,,,1
488/21,Dart,B028P,South Hams DC,SX87945350,Long Wood South,7/7/21,0.0,0.0,0.0,7080.0,ND,ND,ND,,,0
489/21,Start Bay,B087I,South Hams DC,SX84724671,Off Strete,7/7/21,0.0,0.0,0.0,37080.0,ND,ND,ND,,,0
490/21,Solent,B24BK,Southampton PHA,SZ57479794,Browndown,7/7/21,200.0,0.0,0.0,7800.0,ND,ND,ND,,,1
491/21,Southampton Water,B21AT,Southampton PHA,SU48760530,Hamble Estuary,7/7/21,0.0,0.0,0.0,6720.0,ND,ND,ND,,,0
492/21,Brixham,B082B,Torbay BC,SX90965741,Fishcombe SW Corner,7/7/21,0.0,40.0,0.0,7720.0,ND,ND,ND,,,0
494/21,Lune,BO66Z,Wyre BC,SD34194862,Knott Spit,7/7/21,0.0,0.0,0.0,0.0,ND,ND,ND,,,0
495/21,Anglesey - Red Wharf Bay,B057J,Ynys Mon CC,SH53148022,Nodwydd,7/7/21,0.0,0.0,0.0,5900.0,ND,ND,ND,,,0
496/21,Roach,B73AF,London PHA,TQ94909207,Paglesham,7/8/21,0.0,0.0,0.0,0.0,ND,ND,ND,,,0
497/21,Blackwater,B14AD,Maldon DC,TM04060768,St Peters Flats,7/8/21,0.0,0.0,0.0,320.0,ND,ND,ND,,,0
498/21,Milford Haven,B39CZ,Pembrokeshire CC,SM89000275,Tethys Oyster,7/8/21,0.0,0.0,0.0,2840.0,ND,ND,ND,,,0
499/21,Burry Inlet,B038L,City and Council of Swansea,SS43409470,Whitford Point,7/12/21,0.0,0.0,0.0,0.0,ND,ND,ND,,,0
500/21,Lantivet Bay,B70AH,Cornwall PHA,SX16305094,Sandheap Point,7/12/21,0.0,0.0,0.0,1440.0,ND,ND,40,,,0
501/21,St Austell Bay,B70AE,Cornwall PHA,SX05744972,Ropehaven Outer,7/12/21,0.0,200.0,0.0,120.0,ND,ND,ND,,,1
502/21,Portland,B25AK,Dorset Council,SY68707757,Site A,7/12/21,0.0,40.0,40.0,2640.0,ND,40,40,,,0
503/21,The Thames,B16CN,London PHA,TR06779599,Crouch Approach,7/12/21,0.0,0.0,0.0,360.0,ND,ND,ND,,,0
504/21,The Thames,B16CM,London PHA,TR00508769,East of Havengore Creek,7/12/21,0.0,0.0,0.0,0.0,ND,ND,ND,,,0
505/21,The Thames,B16BR,London PHA,TQ93798271,Phoenix,7/12/21,0.0,40.0,0.0,0.0,ND,ND,80,,,0
506/21,Porlock,B094D,Somerset West and Taunton Council,SS87114787,Porlock East,7/12/21,0.0,0.0,0.0,200.0,ND,ND,ND,,,0
507/21,Bigbury upon Avon,B030J,South Hams DC,SX67114467,South Hexdown North,7/12/21,0.0,80.0,0.0,0.0,ND,ND,ND,,,0
508/21,Taw/Torridge,B36AB,Torridge DC,SS46573142,Spratt Ridge East,7/12/21,0.0,40.0,0.0,4520.0,ND,ND,ND,,,0
509/21,Morecambe Bay - Barrow,B077Q,Barrow-in-Furness BC,SD23116464,Roa Island,7/13/21,0.0,0.0,0.0,680.0,ND,ND,ND,,,0
510/21,The Wash,B003V,Boston BC,TF44234098,Toft,7/12/21,0.0,0.0,0.0,80.0,ND,ND,ND,,,0
511/21,Poole,B54CI,"Bournemouth, Poole and Christchurch Council",SZ01818871,West Brownsea 1,7/13/21,0.0,0.0,0.0,600.0,ND,ND,ND,,,0
512/21,Burry Inlet,B038I,City and Council of Swansea,SS50509590,South East 4,7/13/21,0.0,0.0,0.0,0.0,ND,ND,ND,,,0
513/21,Camel,B35AE,Cornwall CC,SW93407530,Porthilly Rock B,7/13/21,0.0,0.0,0.0,3800.0,ND,ND,ND,,,0
514/21,Fal,B33AN,Cornwall PHA,SW81963551,Mylor Creek,7/13/21,0.0,0.0,0.0,0.0,ND,ND,ND,,,0
515/21,Fal,B033Y,Cornwall PHA,SW85024095,Ruan Pontoon/Tregothnan,7/13/21,40.0,0.0,0.0,0.0,ND,ND,ND,,,1
516/21,Fal,B33BD,Cornwall PHA,SW84093949,Trelissick Pontoon,7/13/21,120.0,80.0,0.0,400.0,ND,ND,ND,,,1
517/21,The Fleet,B25AI,Dorset Council,SY66477627,Fleet Oysters,7/13/21,0.0,0.0,0.0,1200.0,ND,ND,ND,,,0
518/21,Butley,B009E,East Suffolk DC,TM39434850,Pumping Station Outfall,7/13/21,0.0,0.0,0.0,800.0,ND,ND,ND,,,0
519/21,Deben,B010O,East Suffolk DC,TM28834500,Stonner Point,7/13/21,0.0,0.0,0.0,0.0,ND,ND,ND,,,0
520/21,The Wash,B04AP,Kings Lynn & W Norfolk BC,TF65963701,Stubborn Sand,7/12/21,0.0,0.0,0.0,0.0,ND,ND,ND,,,0
521/21,Blackwater,B14AD,Maldon DC,TM04060768,St Peters Flats,7/13/21,0.0,0.0,0.0,0.0,ND,ND,ND,,,0
522/21,Blakeney,B006R,North Norfolk DC,TF91804549,Wells - The Pool,7/13/21,0.0,0.0,0.0,80.0,ND,ND,ND,,,0
523/21,Yealm,B031J,Plymouth PHA,SX54224904,Thorn,7/13/21,40.0,40.0,0.0,1040.0,ND,ND,ND,,,1
524/21,Lyme Bay,B090M,Torbay BC,UNVERIFIED,Site 1,7/12/21,0.0,40.0,0.0,5120.0,ND,ND,ND,,,0
525/21,Porthallow Cove,B34AA,Cornwall PHA,SW80212383,Porthallow North,7/14/21,0.0,280.0,0.0,2160.0,ND,ND,ND,,,1
526/21,Dee,B45AB,Flintshire CC,SJ17568056,Salisbury,7/14/21,0.0,0.0,0.0,12000.0,ND,ND,ND,,,0
527/21,Menai Strait East,B055S,Gwynedd CC,SH58337328,West of Bangor Pier,7/13/21,0.0,0.0,0.0,4600.0,ND,ND,ND,,,0
528/21,Menai Strait West,B042O,Gwynedd CC,SH49916579,Area 11 East,7/14/21,0.0,0.0,0.0,640.0,ND,ND,ND,,,0
529/21,Brancaster,B05AS,Kings Lynn & W Norfolk BC,TF79884539,Norton Creek Mussels,7/14/21,0.0,0.0,0.0,0.0,ND,ND,ND,,,0
530/21,Milford Haven,B39CZ,Pembrokeshire CC,SM89000275,Tethys Oyster,7/14/21,0.0,200.0,0.0,0.0,ND,ND,ND,,,1
531/21,Solent,B24BK,Southampton PHA,SZ57479794,Browndown,7/14/21,0.0,0.0,0.0,2400.0,ND,ND,ND,,,0
532/21,Swale,B076P,Swale BC,TR01316497,The Causeway,7/14/21,0.0,0.0,0.0,0.0,ND,ND,ND,,,0
533/21,Exe,B26BH,Teignbridge DC,SX97948072,Cockwood Harbour,7/14/21,0.0,0.0,0.0,177000.0,ND,ND,ND,,,1
534/21,Teign,B27AC,Teignbridge DC,SX92827284,Gas Works East,7/14/21,0.0,0.0,0.0,410000.0,ND,ND,ND,,,1
535/21,Lune,BO66Z,Wyre BC,SD34194862,Knott Spit,7/14/21,0.0,0.0,0.0,1600.0,ND,ND,ND,,,0
537/21,Blackwater,B014V,Maldon DC,TL91160795,Goldhanger,7/15/21,0.0,0.0,0.0,0.0,ND,ND,ND,,,0
538/21,Crouch,B015Y,Maldon DC,TQ90429738,Althorne,7/15/21,0.0,0.0,0.0,200.0,ND,ND,ND,,,0
539/21,St Austell Bay,B70AE,Cornwall PHA,SX05744972,Ropehaven Outer,7/19/21,0.0,0.0,0.0,6240.0,ND,ND,ND,,,0
540/21,Swansea,B037U,Swansea PHA,SS67659210,Queens Dock,7/19/21,0.0,0.0,0.0,0.0,ND,ND,ND,,,0
541/21,Taw/Torridge,B36AB,Torridge DC,SS46573142,Spratt Ridge East,7/19/21,0.0,0.0,0.0,10800.0,ND,ND,ND,,,0
542/21,Fal,B033Y,Cornwall PHA,SW85024095,Ruan Pontoon/Tregothnan,7/20/21,500.0,0.0,0.0,200.0,ND,ND,100,,,1
543/21,Fal,B33BD,Cornwall PHA,SW84093949,Trelissick Pontoon,7/20/21,200.0,0.0,0.0,200.0,ND,ND,ND,,,1
544/21,Porthallow Cove,B34AA,Cornwall PHA,SW80212383,Porthallow North,7/20/21,0.0,40.0,0.0,4520.0,ND,ND,ND,,,0
545/21,Brixham,B082B,Torbay BC,SX90965741,Fishcombe SW Corner,7/20/21,0.0,0.0,0.0,42200.0,ND,ND,ND,,,0
546/21,Lyme Bay,B090M,Torbay BC,UNVERIFIED,Site 1,7/19/21,0.0,0.0,0.0,1000.0,ND,ND,ND,,,0
547/21,Morecambe Bay - Barrow,B077Q,Barrow-in-Furness BC,SD23116464,Roa Island,7/21/21,0.0,0.0,0.0,1800.0,ND,ND,ND,,,0
548/21,North Kent Coast,B17BS,Canterbury CC,TR10326689,WOCO Westbeach,7/19/21,0.0,0.0,40.0,0.0,ND,ND,ND,,,0
549/21,Helford,B034W,Cornwall PHA,SW75462765,Porth Navas Quay,7/21/21,0.0,680.0,0.0,2160.0,ND,ND,ND,,,1
550/21,Dart,B028B,South Hams DC,SX87415599,Waddeton,7/21/21,0.0,0.0,0.0,0.0,ND,ND,ND,,,0
551/21,Solent,B24BK,Southampton PHA,SZ57479794,Browndown,7/21/21,0.0,0.0,0.0,2000.0,ND,ND,ND,,,0
552/21,Southampton Water,B21AT,Southampton PHA,SU48760530,Hamble Estuary,7/21/21,0.0,0.0,0.0,700.0,ND,ND,ND,,,0
553/21,Anglesey - Red Wharf Bay,B057J,Ynys Mon CC,SH53148022,Nodwydd,7/21/21,0.0,0.0,0.0,13440.0,ND,ND,ND,,,0
554/21,Roach,B73AF,London PHA,TQ94909207,Paglesham,7/22/21,0.0,0.0,0.0,0.0,ND,ND,ND,,,0
555/21,The Thames,B16CN,London PHA,TR06779599,Crouch Approach,7/22/21,0.0,0.0,0.0,0.0,ND,ND,ND,,,0
556/21,The Thames,B16CM,London PHA,TR00508769,East of Havengore Creek,7/22/21,0.0,0.0,0.0,0.0,ND,ND,ND,,,0
557/21,The Thames,B16BR,London PHA,TQ93798271,Phoenix,7/22/21,0.0,40.0,0.0,0.0,ND,ND,ND,,,0
558/21,Holy Island-Ross Links,B001M,Northumberland CC,NU12333958,Ross Links,7/21/21,0.0,40.0,0.0,0.0,ND,ND,40,,,0
559/21,Milford Haven,B39CZ,Pembrokeshire CC,SM89000275,Tethys Oyster,7/21/21,0.0,0.0,0.0,1960.0,ND,ND,ND,,,0
560/21,Helford,B034W,Cornwall PHA,SW75462765,Porth Navas Quay,7/26/21,0.0,0.0,0.0,0.0,ND,ND,ND,,,0
561/21,Portland,B25AK,Dorset Council,SY68707757,Site A,7/26/21,0.0,0.0,0.0,7000.0,ND,ND,ND,,,0
562/21,Porlock,B094D,Somerset West and Taunton Council,SS87114787,Porlock East,7/26/21,0.0,0.0,0.0,700.0,ND,ND,ND,,,0
563/21,Taw/Torridge,B36AB,Torridge DC,SS46573142,Spratt Ridge East,7/26/21,0.0,0.0,0.0,9800.0,ND,ND,ND,,,0
564/21,North Kent Coast,B17BS,Canterbury CC,TR10326689,WOCO Westbeach,7/26/21,0.0,0.0,0.0,0.0,ND,ND,ND,,,0
565/21,Burry Inlet,B038Y,Carmarthenshire CC,SS50209860,Machynys,7/27/21,0.0,0.0,120.0,0.0,ND,ND,ND,,,1
566/21,Butley,B009E,East Suffolk DC,TM39434850,Pumping Station Outfall,7/27/21,0.0,0.0,0.0,0.0,ND,ND,ND,,,0
567/21,Deben,B010O,East Suffolk DC,TM28834500,Stonner Point,7/27/21,0.0,0.0,0.0,0.0,ND,ND,ND,,,0
568/21,Menai Strait East,B055S,Gwynedd CC,SH58337328,West of Bangor Pier,7/26/21,0.0,0.0,0.0,0.0,ND,ND,ND,,,0
569/21,Menai Strait West,B042O,Gwynedd CC,SH49916579,Area 11 East,7/26/21,0.0,0.0,0.0,1000.0,ND,ND,ND,,,0
570/21,,,Maldon DC,,Woodup pool,7/27/21,-1.0,-1.0,-1.0,-1.0,"NOT TESTED, SUBMITTED IN ERROR","NOT TESTED, SUBMITTED IN ERROR","NOT TESTED, SUBMITTED IN ERROR",,,0
571/21,Blackwater,B014V,Maldon DC,TL91160795,Goldhanger,7/27/21,0.0,0.0,0.0,0.0,ND,ND,ND,,,0
572/21,Crouch,B015Y,Maldon DC,TQ90429738,Althorne,7/27/21,0.0,0.0,0.0,0.0,ND,ND,ND,,,0
573/21,Bigbury upon Avon,B030J,South Hams DC,SX67114467,South Hexdown North,7/27/21,0.0,80.0,0.0,3120.0,ND,ND,ND,,,0
574/21,Exe,B26BH,Teignbridge DC,SX97948072,Cockwood Harbour,7/27/21,0.0,0.0,0.0,720.0,ND,ND,ND,,,0
575/21,Teign,B27AC,Teignbridge DC,SX92827284,Gas Works East,7/27/21,0.0,40.0,0.0,1000.0,ND,40,ND,,,0
576/21,Brixham,B082B,Torbay BC,SX90965741,Fishcombe SW Corner,7/27/21,0.0,40.0,0.0,80.0,ND,120,ND,,,0
577/21,Lyme Bay,B090M,Torbay BC,UNVERIFIED,Site 1,7/26/21,0.0,40.0,0.0,80.0,ND,ND,ND,,,0
578/21,Fal,B33AN,Cornwall PHA,SW81963551,Mylor Creek,7/28/21,160.0,40.0,0.0,1000.0,ND,ND,ND,,,1
579/21,Fal,B033Y,Cornwall PHA,SW85024095,Ruan Pontoon/Tregothnan,7/28/21,240.0,0.0,0.0,360.0,ND,ND,ND,,,1
580/21,Fal,B33BD,Cornwall PHA,SW84093949,Trelissick Pontoon,7/28/21,240.0,0.0,0.0,360.0,ND,ND,40,,,1
581/21,Porthallow Cove,B34AA,Cornwall PHA,SW80212383,Porthallow North,7/28/21,0.0,0.0,0.0,3280.0,ND,ND,40,,,0
582/21,Dee,B45AB,Flintshire CC,SJ17568056,Salisbury,7/28/21,0.0,0.0,0.0,2700.0,ND,ND,ND,,,0
583/21,Milford Haven,B39CZ,Pembrokeshire CC,SM89000275,Tethys Oyster,7/28/21,0.0,40.0,0.0,1360.0,ND,ND,ND,,,0
584/21,Blakeney,B006R,North Norfolk DC,TF91804549,Wells - The Pool,7/29/21,0.0,0.0,0.0,80.0,ND,ND,ND,,,0
585/21,North Kent Coast,B17BS,Canterbury CC,TR10326689,WOCO Westbeach,8/2/21,0.0,0.0,0.0,0.0,ND,ND,ND,,,0
586/21,Lantivet Bay,B70AH,Cornwall PHA,SX16305094,Sandheap Point,8/2/21,0.0,40.0,0.0,3000.0,ND,ND,ND,,,0
587/21,Mevagissey Bay,B70AK,Cornwall PHA,SX05214698,South Mevagissey Bottom,8/2/21,0.0,0.0,0.0,11160.0,ND,ND,ND,,,0
588/21,St Austell Bay,B70AE,Cornwall PHA,SX05744972,Ropehaven Outer,8/2/21,0.0,80.0,0.0,9400.0,ND,ND,ND,,,0
589/21,Brancaster,B05AS,Kings Lynn & W Norfolk BC,TF79884539,Norton Creek Mussels,8/2/21,0.0,0.0,0.0,0.0,ND,ND,ND,,,0
590/21,Swansea,B037U,Swansea PHA,SS67659210,Queens Dock,8/2/21,0.0,80.0,0.0,160.0,ND,ND,4160,,,0
591/21,West Mersea,B013Z,Colchester BC,TM00001301,The Hard,8/3/21,0.0,0.0,0.0,0.0,ND,ND,ND,,,0
593/21,Conwy,B044V,Conwy CBC,SH76317972,Conwy West,8/3/21,0.0,0.0,0.0,0.0,ND,ND,ND,,,0
594/21,Helford,B034W,Cornwall PHA,SW75462765,Porth Navas Quay,8/3/21,500.0,0.0,0.0,200.0,ND,ND,ND,,,1
595/21,The Fleet,B25AI,Dorset Council,SY66477627,Fleet Oysters,8/3/21,0.0,0.0,0.0,0.0,ND,ND,ND,,,0
596/21,Blackwater,B14AD,Maldon DC,TM04060768,St Peters Flats,8/3/21,0.0,0.0,0.0,0.0,ND,ND,ND,,,0
597/21,Fal,B33AN,Cornwall PHA,SW81963551,Mylor Creek,8/4/21,100.0,0.0,0.0,2500.0,ND,ND,100,,,1
598/21,Fal,B033Y,Cornwall PHA,SW85024095,Ruan Pontoon/Tregothnan,8/4/21,40.0,0.0,0.0,0.0,ND,ND,760,,,1
599/21,Fal,B33BD,Cornwall PHA,SW84093949,Trelissick Pontoon,8/4/21,0.0,0.0,0.0,240.0,ND,ND,240,,,0
600/21,Crouch,B015Y,Maldon DC,TQ90429738,Althorne,8/4/21,0.0,0.0,0.0,0.0,ND,ND,40,,,0
601/21,Burry Inlet,B038Y,Carmarthenshire CC,SS50209860,Machynys,8/5/21,0.0,0.0,40.0,0.0,ND,ND,ND,,,0
602/21,Anglesey - Red Wharf Bay,B057J,Ynys Mon CC,SH53148022,Nodwydd,8/5/21,0.0,0.0,0.0,6000.0,ND,ND,ND,,,0
603/21,Roach,B73AF,London PHA,TQ94909207,Paglesham,8/5/21,0.0,0.0,0.0,0.0,ND,ND,ND,,,0
604/21,Morecambe Bay - Barrow,B077Q,Barrow-in-Furness BC,SD23116464,Roa Island,8/9/21,0.0,0.0,0.0,0.0,ND,ND,ND,,,0
605/21,Blackwater,B014V,Maldon DC,TL91160795,Goldhanger,8/9/21,0.0,0.0,0.0,0.0,ND,ND,ND,,,0
606/21,Holy Island-Ross Links,B001M,Northumberland CC,NU12333958,Ross Links,8/8/21,0.0,40.0,40.0,0.0,ND,ND,ND,,,0
607/21,Bigbury upon Avon,B030J,South Hams DC,SX67114467,South Hexdown North,8/9/21,0.0,0.0,0.0,12640.0,ND,ND,ND,,,0
608/21,Dart,B028P,South Hams DC,SX87945350,Long Wood South,8/9/21,0.0,0.0,0.0,500.0,ND,ND,ND,,,0
609/21,Taw/Torridge,B36AB,Torridge DC,SS46573142,Spratt Ridge East,8/9/21,0.0,0.0,0.0,2400.0,ND,ND,400,,,0
610/21,The Wash,B003V,Boston BC,TF44234098,Toft,8/9/21,0.0,0.0,0.0,300.0,ND,ND,ND,,,0
611/21,Poole,B54CI,"Bournemouth, Poole and Christchurch Council",SZ01818871,West Brownsea 1,8/10/21,0.0,0.0,0.0,160.0,ND,ND,ND,,,0
612/21,Burry Inlet,B038I,City and Council of Swansea,SS50509590,South East 4,8/10/21,0.0,0.0,0.0,0.0,ND,ND,ND,,,0
613/21,Burry Inlet,B038L,City and Council of Swansea,SS43409470,Whitford Point,8/9/21,0.0,0.0,100.0,0.0,ND,ND,ND,,,1
614/21,Helford,B034W,Cornwall PHA,SW75462765,Porth Navas Quay,8/10/21,0.0,0.0,0.0,0.0,ND,ND,ND,,,0
615/21,The Fleet,B25AI,Dorset Council,SY66477627,Fleet Oysters,8/10/21,0.0,0.0,0.0,520.0,ND,ND,ND,,,0
616/21,Butley,B009E,East Suffolk DC,TM39434850,Pumping Station Outfall,8/10/21,0.0,0.0,0.0,0.0,ND,ND,ND,,,0
617/21,The Wash,B04AP,Kings Lynn & W Norfolk BC,TF65963701,Stubborn Sand,8/9/21,0.0,0.0,0.0,0.0,ND,ND,ND,,,0
618/21,The Thames,B16CN,London PHA,TR06779599,Crouch Approach,8/10/21,0.0,0.0,0.0,0.0,ND,ND,ND,,,0
619/21,The Thames,B16CM,London PHA,TR00508769,East of Havengore Creek,8/10/21,0.0,0.0,0.0,0.0,ND,ND,ND,,,0
620/21,The Thames,B16BR,London PHA,TQ93798271,Phoenix,8/10/21,0.0,0.0,0.0,0.0,ND,ND,ND,,,0
621/21,Blakeney,B006R,North Norfolk DC,TF91804549,Wells - The Pool,8/10/21,0.0,0.0,0.0,0.0,ND,ND,ND,,,0
622/21,Milford Haven,B39CZ,Pembrokeshire CC,SM89000275,Tethys Oyster,8/9/21,0.0,0.0,0.0,560.0,ND,ND,ND,,,0
623/21,Porlock,B094D,Somerset West and Taunton Council,SS87114787,Porlock East,8/10/21,0.0,0.0,0.0,80.0,ND,ND,ND,,,0
624/21,Fal,B33AN,Cornwall PHA,SW81963551,Mylor Creek,8/11/21,0.0,40.0,0.0,480.0,ND,ND,40,,,0
625/21,Fal,B033Y,Cornwall PHA,SW85024095,Ruan Pontoon/Tregothnan,8/11/21,0.0,0.0,0.0,160.0,ND,ND,120,,,0
626/21,Fal,B33BD,Cornwall PHA,SW84093949,Trelissick Pontoon,8/11/21,0.0,0.0,0.0,200.0,ND,ND,ND,,,0
627/21,Porthallow Cove,B34AA,Cornwall PHA,SW80212383,Porthallow North,8/11/21,0.0,0.0,0.0,12280.0,ND,ND,40,,,0
628/21,Menai Strait East,B055S,Gwynedd CC,SH58337328,West of Bangor Pier,8/10/21,0.0,0.0,0.0,6280.0,ND,ND,ND,,,0
629/21,Menai Strait West,B042O,Gwynedd CC,SH49916579,Area 11 East,8/11/21,0.0,0.0,0.0,2600.0,ND,ND,ND,,,0
630/21,Solent,B24BK,Southampton PHA,SZ57479794,Browndown,8/11/21,0.0,0.0,0.0,0.0,ND,ND,ND,,,0
631/21,Southampton Water,B21AT,Southampton PHA,SU48760530,Hamble Estuary,8/11/21,0.0,0.0,0.0,0.0,ND,ND,ND,,,0
632/21,Swale,B076P,Swale BC,TR01316497,The Causeway,8/11/21,0.0,0.0,0.0,0.0,ND,ND,ND,,,0
633/21,Exe,B26BH,Teignbridge DC,SX97948072,Cockwood Harbour,8/11/21,0.0,0.0,0.0,3300.0,ND,ND,ND,,,0
634/21,Teign,B27AC,Teignbridge DC,SX92827284,Gas Works East,8/11/21,0.0,0.0,0.0,5040.0,ND,ND,ND,,,0
635/21,Brixham,B082B,Torbay BC,SX90965741,Fishcombe SW Corner,8/11/21,0.0,0.0,0.0,920.0,ND,ND,ND,,,0
636/21,Lyme Bay,B090M,Torbay BC,UNVERIFIED,Site 1,8/10/21,0.0,0.0,0.0,16480.0,ND,ND,ND,,,0
637/21,Deben,B010O,East Suffolk DC,TM28834500,Stonner Point,8/10/21,0.0,0.0,0.0,0.0,ND,ND,ND,,,0
638/21,Dee,B45AB,Flintshire CC,SJ17568056,Salisbury,8/12/21,0.0,0.0,0.0,15200.0,ND,ND,ND,,,0
639/21,Lantivet Bay,B70AH,Cornwall PHA,SX16305094,Sandheap Point,8/16/21,0.0,0.0,0.0,13720.0,ND,ND,ND,,,0
640/21,Mevagissey Bay,B70AK,Cornwall PHA,SX05214698,South Mevagissey Bottom,8/16/21,0.0,40.0,0.0,188000.0,ND,ND,ND,,,1
641/21,St Austell Bay,B70AE,Cornwall PHA,SX05744972,Ropehaven Outer,8/16/21,0.0,0.0,0.0,43520.0,ND,ND,40,,,0
642/21,Portland,B25AK,Dorset Council,SY68707757,Site A,8/16/21,0.0,0.0,0.0,880.0,ND,ND,ND,,,0
643/21,Brancaster,B05AS,Kings Lynn & W Norfolk BC,TF79884539,Norton Creek Mussels,8/16/21,0.0,0.0,0.0,680.0,ND,ND,ND,,,0
644/21,Swansea,B037U,Swansea PHA,SS67659210,Queens Dock,8/16/21,0.0,0.0,0.0,39680.0,ND,ND,ND,,,0
645/21,North Kent Coast,B17BS,Canterbury CC,TR10326689,WOCO Westbeach,8/17/21,0.0,0.0,0.0,0.0,ND,ND,ND,,,0
646/21,Burry Inlet,B038L,City and Council of Swansea,SS43409470,Whitford Point,8/18/21,0.0,0.0,0.0,0.0,ND,ND,ND,,,0
647/21,West Mersea,B013Z,Colchester BC,TM00001301,The Hard,8/18/21,0.0,0.0,0.0,0.0,ND,ND,ND,,,0
649/21,Helford,B034W,Cornwall PHA,SW75462765,Porth Navas Quay,8/18/21,0.0,0.0,0.0,520.0,ND,ND,ND,,,0
650/21,Blackwater,B14AD,Maldon DC,TM04060768,St Peters Flats,8/18/21,0.0,0.0,0.0,0.0,ND,ND,ND,,,0
651/21,Start Bay,B087I,South Hams DC,SX84724671,Off Strete,8/18/21,0.0,0.0,0.0,17960.0,ND,ND,ND,,,0
652/21,Lune,BO66Z,Wyre BC,SD34194862,Knott Spit,8/18/21,-1.0,-1.0,-1.0,-1.0,"Unable to analyse, too much sediment","Unable to analyse, too much sediment","Unable to analyse, too much sediment",,,0
654/21,Roach,B73AF,London PHA,TQ94909207,Paglesham,8/19/21,0.0,0.0,0.0,0.0,ND,ND,ND,,,0
655/21,Taw/Torridge,B36AB,Torridge DC,SS46573142,Spratt Ridge East,8/19/21,0.0,0.0,0.0,3840.0,ND,ND,ND,,,0
656/21,Anglesey - Red Wharf Bay,B057J,Ynys Mon CC,SH53148022,Nodwydd,8/19/21,0.0,0.0,0.0,30760.0,ND,ND,ND,,,0
657/21,Morecambe Bay - Barrow,B077Q,Barrow-in-Furness BC,SD23116464,Roa Island,8/23/21,0.0,0.0,0.0,1400.0,ND,ND,ND,,,0
658/21,The Fleet,B25AI,Dorset Council,SY66477627,Fleet Oysters,8/23/21,0.0,0.0,0.0,0.0,ND,ND,ND,,,0
659/21,The Thames,B16CN,London PHA,TR06779599,Crouch Approach,8/23/21,0.0,0.0,0.0,0.0,ND,ND,ND,,,0
660/21,The Thames,B16CM,London PHA,TR00508769,East of Havengore Creek,8/23/21,0.0,40.0,0.0,160.0,ND,ND,ND,,,0
661/21,The Thames,B16BR,London PHA,TQ93798271,Phoenix,8/23/21,0.0,0.0,0.0,0.0,ND,ND,ND,,,0
662/21,Burry Inlet,B038Y,Carmarthenshire CC,SS50209860,Machynys,8/24/21,0.0,0.0,400.0,0.0,ND,ND,ND,,,1
663/21,Conwy,B044V,Conwy CBC,SH76317972,Conwy West,8/24/21,0.0,0.0,0.0,6600.0,ND,ND,ND,,,0
664/21,Camel,B35AE,Cornwall CC,SW93407530,Porthilly Rock B,8/23/21,0.0,0.0,0.0,560.0,ND,ND,ND,,,0
665/21,Fal,B33AN,Cornwall PHA,SW81963551,Mylor Creek,8/24/21,0.0,40.0,0.0,80.0,ND,ND,ND,,,0
666/21,Fal,B033Y,Cornwall PHA,SW85024095,Ruan Pontoon/Tregothnan,8/24/21,0.0,0.0,0.0,0.0,ND,ND,ND,,,0
667/21,Fal,B33BD,Cornwall PHA,SW84093949,Trelissick Pontoon,8/24/21,0.0,0.0,0.0,0.0,ND,ND,ND,,,0
668/21,Mevagissey Bay,B70AK,Cornwall PHA,SX05214698,South Mevagissey Bottom,8/23/21,0.0,40.0,0.0,5400.0,ND,ND,ND,,,0
669/21,Porthallow Cove,B34AA,Cornwall PHA,SW80212383,Porthallow North,8/24/21,0.0,0.0,0.0,480.0,ND,ND,ND,,,0
670/21,Blakeney,B006R,North Norfolk DC,TF91804549,Wells - The Pool,8/24/21,0.0,0.0,0.0,1480.0,ND,ND,ND,,,0
671/21,Holy Island-Ross Links,B001M,Northumberland CC,NU12333958,Ross Links,8/24/21,0.0,0.0,0.0,0.0,ND,ND,ND,,,0
672/21,Milford Haven,B39CZ,Pembrokeshire CC,SM89000275,Tethys Oyster,8/24/21,0.0,0.0,0.0,200.0,ND,ND,ND,,,0
673/21,Porlock,B094D,Somerset West and Taunton Council,SS87114787,Porlock East,8/24/21,0.0,0.0,0.0,0.0,ND,ND,ND,,,0
674/21,Bigbury upon Avon,B030J,South Hams DC,SX67114467,South Hexdown North,8/24/21,0.0,0.0,0.0,200.0,ND,ND,ND,,,0
675/21,Brixham,B082B,Torbay BC,SX90965741,Fishcombe SW Corner,8/23/21,0.0,0.0,0.0,3800.0,ND,ND,ND,,,0
676/21,Lyme Bay,B090M,Torbay BC,UNVERIFIED,Site 1,8/23/21,0.0,0.0,0.0,1440.0,ND,ND,ND,,,0
677/21,Dee,B45AB,Flintshire CC,SJ17568056,Salisbury,8/25/21,0.0,0.0,0.0,2000.0,ND,ND,ND,,,0
678/21,Blackwater,B014V,Maldon DC,TL91160795,Goldhanger,8/24/21,0.0,0.0,0.0,0.0,ND,ND,ND,,,0
679/21,Crouch,B015Y,Maldon DC,TQ90429738,Althorne,8/24/21,0.0,0.0,0.0,0.0,ND,ND,ND,,,0
680/21,Dart,B028B,South Hams DC,SX87415599,Waddeton,8/25/21,0.0,0.0,0.0,0.0,ND,ND,ND,,,0
681/21,Solent,B24BK,Southampton PHA,SZ57479794,Browndown,8/25/21,0.0,0.0,0.0,0.0,ND,ND,ND,,,0
682/21,Southampton Water,B21AT,Southampton PHA,SU48760530,Hamble Estuary,8/25/21,0.0,0.0,0.0,0.0,ND,ND,ND,,,0
683/21,Lune,BO66Z,Wyre BC,SD34194862,Knott Spit,8/25/21,0.0,200.0,0.0,6200.0,ND,ND,ND,,,1
685/21,Exe,B26BH,Teignbridge DC,SX97948072,Cockwood Harbour,8/25/21,0.0,0.0,0.0,0.0,ND,ND,ND,,,0
686/21,Teign,B27AC,Teignbridge DC,SX92827284,Gas Works East,8/25/21,0.0,0.0,0.0,0.0,ND,ND,ND,,,0
687/21,Portland,B25AK,Dorset Council,SY68707757,Site A,8/31/21,40.0,0.0,0.0,560.0,ND,ND,ND,,,1
688/21,Lantivet Bay,B70AH,Cornwall PHA,SX16305094,Sandheap Point,8/30/21,0.0,280.0,0.0,0.0,ND,ND,ND,,,1
689/21,St Austell Bay,B70AE,Cornwall PHA,SX05744972,Ropehaven Outer,8/30/21,0.0,1880.0,0.0,0.0,ND,ND,ND,,,1
690/21,Swansea,B037U,Swansea PHA,SS67659210,Queens Dock,8/31/21,0.0,0.0,0.0,520.0,ND,ND,ND,,,0
691/21,Butley,B009E,East Suffolk DC,TM39434850,Pumping Station Outfall,9/1/21,0.0,100.0,0.0,0.0,ND,ND,ND,,,1
692/21,Deben,B010O,East Suffolk DC,TM28834500,Stonner Point,9/1/21,0.0,0.0,0.0,0.0,ND,ND,ND,,,0
693/21,Blackwater,B14AD,Maldon DC,TM04060768,St Peters Flats,9/1/21,0.0,0.0,0.0,0.0,ND,ND,ND,,,0
694/21,Brancaster,B05AS,Kings Lynn & W Norfolk BC,TF79884539,Norton Creek Mussels,9/2/21,0.0,0.0,0.0,400.0,ND,ND,ND,,,0
695/21,West Mersea,B013Z,Colchester BC,TM00001301,The Hard,9/2/21,0.0,0.0,0.0,0.0,ND,ND,ND,,,0
697/21,The Wash,B003V,Boston BC,TF44234098,Toft,9/6/21,0.0,0.0,0.0,0.0,ND,ND,ND,,,0
698/21,North Kent Coast,B17BS,Canterbury CC,TR10326689,WOCO Westbeach,9/6/21,0.0,0.0,0.0,0.0,ND,ND,ND,,,0
699/21,Lantivet Bay,B70AH,Cornwall PHA,SX16305094,Sandheap Point,9/6/21,0.0,320.0,0.0,0.0,ND,ND,ND,,,1
700/21,Mevagissey Bay,B70AK,Cornwall PHA,SX05214698,South Mevagissey Bottom,9/6/21,0.0,2960.0,0.0,0.0,ND,ND,40,,,1
701/21,St Austell Bay,B70AE,Cornwall PHA,SX05744972,Ropehaven Outer,9/6/21,0.0,1400.0,0.0,0.0,ND,ND,ND,,,1
702/21,The Wash,B04AP,Kings Lynn & W Norfolk BC,TF65963701,Stubborn Sand,9/6/21,0.0,0.0,0.0,1800.0,ND,ND,ND,,,0
703/21,Roach,B73AF,London PHA,TQ94909207,Paglesham,9/6/21,0.0,0.0,0.0,160.0,ND,ND,ND,,,0
704/21,Holy Island-Ross Links,B001M,Northumberland CC,NU12333958,Ross Links,9/5/21,0.0,0.0,0.0,160.0,ND,ND,ND,,,0
705/21,Dart,B028P,South Hams DC,SX87945350,Long Wood South,9/6/21,0.0,0.0,0.0,0.0,ND,ND,ND,,,0
706/21,Start Bay,B087I,South Hams DC,SX84724671,Off Strete,9/6/21,0.0,0.0,0.0,0.0,ND,ND,ND,,,0
707/21,Anglesey - Red Wharf Bay,B057J,Ynys Mon CC,SH53148022,Nodwydd,9/6/21,0.0,0.0,0.0,560.0,ND,ND,ND,,,0
708/21,Morecambe Bay - Barrow,B077Q,Barrow-in-Furness BC,SD23116464,Roa Island,9/7/21,0.0,0.0,0.0,480.0,ND,ND,ND,,,0
709/21,Conwy,B044V,Conwy CBC,SH76317972,Conwy West,9/7/21,0.0,0.0,0.0,0.0,ND,ND,ND,,,0
710/21,Helford,B034W,Cornwall PHA,SW75462765,Porth Navas Quay,9/7/21,0.0,0.0,0.0,0.0,ND,ND,ND,,,0
711/21,Portland,B25AK,Dorset Council,SY68707757,Site A,9/7/21,0.0,40.0,0.0,160.0,ND,ND,ND,,,0
712/21,The Fleet,B25AI,Dorset Council,SY66477627,Fleet Oysters,9/7/21,0.0,0.0,0.0,320.0,ND,ND,ND,,,0
713/21,The Thames,B16CN,London PHA,TR06779599,Crouch Approach,9/7/21,0.0,0.0,0.0,0.0,ND,ND,ND,,,0
714/21,The Thames,B16CM,London PHA,TR00508769,East of Havengore Creek,9/7/21,0.0,0.0,0.0,0.0,ND,ND,ND,,,0
715/21,The Thames,B16BR,London PHA,TQ93798271,Phoenix,9/7/21,0.0,0.0,0.0,0.0,ND,ND,ND,,,0
716/21,Crouch,B015Y,Maldon DC,TQ90429738,Althorne,9/7/21,0.0,0.0,0.0,0.0,ND,ND,ND,,,0
717/21,Brixham,B082B,Torbay BC,SX90965741,Fishcombe SW Corner,9/7/21,0.0,40.0,0.0,0.0,ND,ND,ND,,,0
718/21,Lyme Bay,B090M,Torbay BC,UNVERIFIED,Site 1,9/6/21,0.0,400.0,0.0,0.0,ND,ND,ND,,,1
719/21,Taw/Torridge,B36AB,Torridge DC,SS46573142,Spratt Ridge East,9/6/21,0.0,0.0,0.0,11600.0,ND,ND,ND,,,0
720/21,Burry Inlet,B038Y,Carmarthenshire CC,SS50209860,Machynys,9/7/21,0.0,0.0,0.0,0.0,ND,ND,ND,,,0
721/21,Fal,B33AN,Cornwall PHA,SW81963551,Mylor Creek,9/8/21,0.0,0.0,0.0,0.0,ND,ND,ND,,,0
722/21,Fal,B033Y,Cornwall PHA,SW85024095,Ruan Pontoon/Tregothnan,9/8/21,0.0,0.0,0.0,0.0,ND,ND,ND,,,0
723/21,Fal,B33BD,Cornwall PHA,SW84093949,Trelissick Pontoon,9/8/21,0.0,0.0,0.0,0.0,ND,ND,ND,,,0
724/21,Porthallow Cove,B34AA,Cornwall PHA,SW80212383,Porthallow North,9/8/21,0.0,400.0,0.0,80.0,ND,ND,40,,,1
725/21,Menai Strait East,B055S,Gwynedd CC,SH58337328,West of Bangor Pier,9/7/21,0.0,0.0,0.0,720.0,ND,ND,ND,,,0
726/21,Menai Strait West,B042O,Gwynedd CC,SH49916579,Area 11 East,9/8/21,0.0,0.0,0.0,160.0,ND,ND,ND,,,0
727/21,Milford Haven,B39CZ,Pembrokeshire CC,SM89000275,Tethys Oyster,9/7/21,0.0,0.0,0.0,0.0,ND,ND,ND,,,0
728/21,Porlock,B094D,Somerset West and Taunton Council,SS87114787,Porlock East,9/8/21,0.0,0.0,0.0,400.0,ND,ND,ND,,,0
729/21,Solent,B24BK,Southampton PHA,SZ57479794,Browndown,9/8/21,0.0,0.0,0.0,0.0,ND,ND,ND,,,0
730/21,Southampton Water,B21AT,Southampton PHA,SU48760530,Hamble Estuary,9/8/21,0.0,0.0,0.0,0.0,ND,ND,ND,,,0
732/21,Lune,BO66Z,Wyre BC,SD34194862,Knott Spit,9/8/21,0.0,0.0,0.0,0.0,ND,ND,ND,,,0
733/21,Dee,B45AB,Flintshire CC,SJ17568056,Salisbury,9/9/21,0.0,0.0,0.0,400.0,ND,ND,ND,,,0
734/21,Blakeney,B006R,North Norfolk DC,TF91804549,Wells - The Pool,9/9/21,0.0,0.0,0.0,25800.0,ND,ND,ND,,,0
735/21,Swale,B076P,Swale BC,TR01316497,The Causeway,9/9/21,0.0,0.0,0.0,0.0,ND,ND,ND,,,0
736/21,Lantivet Bay,B70AH,Cornwall PHA,SX16305094,Sandheap Point,9/13/21,0.0,480.0,0.0,0.0,ND,ND,ND,,,1
737/21,Mevagissey Bay,B70AK,Cornwall PHA,SX05214698,South Mevagissey Bottom,9/13/21,0.0,1320.0,0.0,160.0,ND,ND,ND,,,1
738/21,Swansea,B037U,Swansea PHA,SS67659210,Queens Dock,9/13/21,0.0,0.0,0.0,5720.0,ND,ND,ND,,,0
739/21,Butley,B009E,East Suffolk DC,TM39434850,Pumping Station Outfall,9/14/21,0.0,0.0,0.0,0.0,ND,ND,ND,,,0
740/21,Deben,B010O,East Suffolk DC,TM28834500,Stonner Point,9/14/21,0.0,0.0,0.0,0.0,ND,ND,ND,,,0
741/21,Blackwater,B14AD,Maldon DC,TM04060768,St Peters Flats,9/14/21,0.0,0.0,0.0,1400.0,ND,ND,ND,,,0
742/21,Lyme Bay,B090M,Torbay BC,UNVERIFIED,Site 1,9/13/21,0.0,80.0,0.0,160.0,ND,ND,ND,,,0
743/21,West Mersea,B013Z,Colchester BC,TM00001301,The Hard,9/15/21,0.0,0.0,0.0,0.0,ND,ND,ND,,,0
745/21,Porthallow Cove,B34AA,Cornwall PHA,SW80212383,Porthallow North,9/15/21,0.0,160.0,0.0,400.0,ND,ND,80,,,1
746/21,Blackwater,B014V,Maldon DC,TL91160795,Goldhanger,9/15/21,0.0,0.0,0.0,0.0,ND,ND,ND,,,0
747/21,Exe,B26BH,Teignbridge DC,SX97948072,Cockwood Harbour,9/15/21,0.0,0.0,0.0,600.0,ND,ND,ND,,,0
748/21,Teign,B27AC,Teignbridge DC,SX92827284,Gas Works East,9/15/21,0.0,0.0,0.0,280.0,ND,ND,ND,,,0
749/21,Poole,B54CI,"Bournemouth, Poole and Christchurch Council",SZ01818871,West Brownsea 1,9/16/21,0.0,0.0,0.0,400.0,ND,ND,ND,,,0
750/21,Brancaster,B05AS,Kings Lynn & W Norfolk BC,TF79884539,Norton Creek Mussels,9/16/21,0.0,0.0,0.0,1800.0,ND,ND,ND,,,0
751/21,Lantivet Bay,B70AH,Cornwall PHA,SX16305094,Sandheap Point,9/20/21,0.0,240.0,0.0,0.0,ND,ND,ND,,,1
752/21,Mevagissey Bay,B70AK,Cornwall PHA,SX05214698,South Mevagissey Bottom,9/20/21,0.0,1000.0,0.0,0.0,ND,ND,ND,,,1
753/21,Roach,B73AF,London PHA,TQ94909207,Paglesham,9/20/21,0.0,0.0,0.0,400.0,ND,ND,100,,,0
754/21,Anglesey - Red Wharf Bay,B057J,Ynys Mon CC,SH53148022,Nodwydd,9/20/21,0.0,0.0,0.0,1800.0,ND,ND,ND,,,0
755/21,Morecambe Bay - Barrow,B077Q,Barrow-in-Furness BC,SD23116464,Roa Island,9/21/21,0.0,0.0,0.0,960.0,ND,ND,ND,,,0
756/21,Burry Inlet,B038Y,Carmarthenshire CC,SS50209860,Machynys,9/21/21,0.0,0.0,18520.0,0.0,ND,ND,ND,,,1
757/21,Burry Inlet,B038I,City and Council of Swansea,SS50509590,South East 4,9/21/21,0.0,0.0,0.0,0.0,ND,ND,ND,,,0
758/21,Burry Inlet,B038L,City and Council of Swansea,SS43409470,Whitford Point,9/20/21,0.0,0.0,0.0,0.0,ND,ND,ND,,,0
759/21,Conwy,B044V,Conwy CBC,SH76317972,Conwy West,9/21/21,0.0,0.0,0.0,800.0,ND,ND,ND,,,0
760/21,The Fleet,B25AI,Dorset Council,SY66477627,Fleet Oysters,9/21/21,0.0,0.0,0.0,0.0,ND,ND,ND,,,0
761/21,Brixham,B082B,Torbay BC,SX90965741,Fishcombe SW Corner,9/21/21,0.0,120.0,0.0,440.0,ND,ND,ND,,,1
762/21,North Kent Coast,B17BS,Canterbury CC,TR10326689,WOCO Westbeach,9/21/21,0.0,0.0,0.0,0.0,ND,ND,200,,,0
763/21,Fal,B33AN,Cornwall PHA,SW81963551,Mylor Creek,9/22/21,0.0,0.0,0.0,200.0,ND,ND,ND,,,0
764/21,Fal,B033Y,Cornwall PHA,SW85024095,Ruan Pontoon/Tregothnan,9/22/21,0.0,0.0,0.0,0.0,ND,ND,ND,,,0
765/21,Fal,B33BD,Cornwall PHA,SW84093949,Trelissick Pontoon,9/22/21,0.0,0.0,0.0,0.0,ND,ND,ND,,,0
766/21,Helford,B034W,Cornwall PHA,SW75462765,Porth Navas Quay,9/22/21,0.0,0.0,0.0,400.0,ND,ND,ND,,,0
767/21,Porthallow Cove,B34AA,Cornwall PHA,SW80212383,Porthallow North,9/22/21,0.0,760.0,0.0,80.0,ND,ND,ND,,,1
768/21,Dee,B45AB,Flintshire CC,SJ17568056,Salisbury,9/22/21,-1.0,-1.0,-1.0,-1.0,"Unable to analyse, too much sediment","Unable to analyse, too much sediment","Unable to analyse, too much sediment",,,0
769/21,Menai Strait East,B055S,Gwynedd CC,SH58337328,West of Bangor Pier,9/21/21,0.0,200.0,0.0,2800.0,ND,ND,ND,,,1
770/21,Menai Strait West,B042O,Gwynedd CC,SH49916579,Area 11 East,9/21/21,0.0,0.0,0.0,1200.0,ND,ND,200,,,0
771/21,The Thames,B16CN,London PHA,TR06779599,Crouch Approach,9/22/21,0.0,0.0,0.0,1500.0,ND,ND,ND,,,0
772/21,The Thames,B16CM,London PHA,TR00508769,East of Havengore Creek,9/22/21,0.0,0.0,0.0,0.0,ND,ND,ND,,,0
773/21,The Thames,B16BR,London PHA,TQ93798271,Phoenix,9/22/21,0.0,0.0,0.0,0.0,ND,ND,ND,,,0
774/21,Milford Haven,B39CZ,Pembrokeshire CC,SM89000275,Tethys Oyster,9/22/21,0.0,0.0,0.0,0.0,ND,ND,ND,,,0
775/21,Solent,B24BK,Southampton PHA,SZ57479794,Browndown,9/22/21,0.0,0.0,0.0,0.0,ND,ND,ND,,,0
776/21,Southampton Water,B21AT,Southampton PHA,SU48760530,Hamble Estuary,9/22/21,0.0,0.0,0.0,0.0,ND,ND,ND,,,0
777/21,Taw/Torridge,B36AB,Torridge DC,SS46573142,Spratt Ridge East,9/22/21,0.0,0.0,0.0,0.0,ND,ND,ND,,,0
778/21,Porlock,B094D,Somerset West and Taunton Council,SS87114787,Porlock East,9/22/21,0.0,0.0,0.0,400.0,ND,ND,ND,,,0
779/21,Camel,B35AE,Cornwall CC,SW93407530,Porthilly Rock B,9/27/21,0.0,0.0,0.0,0.0,ND,ND,ND,,,0
780/21,Lantivet Bay,B70AH,Cornwall PHA,SX16305094,Sandheap Point,9/27/21,0.0,100.0,0.0,0.0,ND,ND,ND,,,1
781/21,Mevagissey Bay,B70AK,Cornwall PHA,SX05214698,South Mevagissey Bottom,9/27/21,0.0,80.0,0.0,1080.0,ND,ND,ND,,,0
782/21,Holy Island-Ross Links,B001M,Northumberland CC,NU12333958,Ross Links,9/26/21,0.0,0.0,0.0,0.0,ND,ND,ND,,,0
783/21,Swansea,B037U,Swansea PHA,SS67659210,Queens Dock,9/27/21,0.0,0.0,0.0,11160.0,ND,ND,ND,,,0
784/21,Butley,B009E,East Suffolk DC,TM39434850,Pumping Station Outfall,9/28/21,0.0,0.0,0.0,0.0,ND,ND,ND,,,0
785/21,Deben,B010O,East Suffolk DC,TM28834500,Stonner Point,9/28/21,0.0,0.0,0.0,0.0,ND,ND,ND,,,0
786/21,Blackwater,B014V,Maldon DC,TL91160795,Goldhanger,9/27/21,0.0,0.0,0.0,0.0,ND,ND,ND,,,0
787/21,Blakeney,B006R,North Norfolk DC,TF91804549,Wells - The Pool,9/28/21,0.0,0.0,0.0,2520.0,ND,ND,ND,,,0
788/21,Dart,B028B,South Hams DC,SX87415599,Waddeton,9/28/21,0.0,0.0,0.0,0.0,ND,ND,ND,,,0
789/21,Brixham,B082B,Torbay BC,SX90965741,Fishcombe SW Corner,9/28/21,0.0,0.0,0.0,320.0,ND,ND,ND,,,0
790/21,Porthallow Cove,B34AA,Cornwall PHA,SW80212383,Porthallow North,9/29/21,0.0,0.0,0.0,0.0,ND,ND,ND,,,0
791/21,Exe,B26BH,Teignbridge DC,SX97948072,Cockwood Harbour,9/29/21,0.0,0.0,0.0,0.0,ND,ND,ND,,,0
792/21,Teign,B27AC,Teignbridge DC,SX92827284,Gas Works East,9/29/21,0.0,0.0,0.0,0.0,ND,ND,ND,,,0
793/21,West Mersea,B013Z,Colchester BC,TM00001301,The Hard,10/4/21,0.0,0.0,0.0,0.0,ND,ND,ND,,,0
795/21,Helford,B034W,Cornwall PHA,SW75462765,Porth Navas Quay,10/4/21,0.0,0.0,0.0,0.0,ND,ND,ND,,,0
796/21,Lantivet Bay,B70AH,Cornwall PHA,SX16305094,Sandheap Point,10/4/21,0.0,0.0,0.0,0.0,ND,ND,ND,,,0
797/21,Mevagissey Bay,B70AK,Cornwall PHA,SX05214698,South Mevagissey Bottom,10/4/21,0.0,0.0,0.0,2560.0,ND,ND,ND,,,0
798/21,Roach,B73AF,London PHA,TQ94909207,Paglesham,10/4/21,0.0,0.0,0.0,0.0,ND,ND,ND,,,0
799/21,Holy Island-Ross Links,B001M,Northumberland CC,NU12333958,Ross Links,10/3/21,0.0,0.0,100.0,0.0,ND,ND,ND,,,1
800/21,Anglesey - Red Wharf Bay,B057J,Ynys Mon CC,SH53148022,Nodwydd,10/4/21,0.0,0.0,0.0,1640.0,ND,ND,ND,,,0
801/21,Dart,B028P,South Hams DC,SX87945350,Long Wood South,10/5/21,0.0,0.0,0.0,0.0,ND,ND,ND,,,0
802/21,Start Bay,B087I,South Hams DC,SX84724671,Off Strete,10/5/21,0.0,0.0,0.0,0.0,ND,ND,ND,,,0
803/21,Brixham,B082B,Torbay BC,SX90965741,Fishcombe SW Corner,10/4/21,0.0,80.0,0.0,0.0,ND,ND,ND,,,0
804/21,Taw/Torridge,B36AB,Torridge DC,SS46573142,Spratt Ridge East,10/4/21,0.0,0.0,0.0,0.0,ND,ND,ND,,,0
805/21,Morecambe Bay - Barrow,B077Q,Barrow-in-Furness BC,SD23116464,Roa Island,10/6/21,0.0,0.0,0.0,800.0,ND,ND,ND,,,0
806/21,Porlock Relay,B094E,Somerset West and Taunton Council,SS87184778,Porlock Relay,10/6/21,0.0,0.0,0.0,0.0,ND,ND,ND,,,0
807/21,Bigbury upon Avon,B030J,South Hams DC,SX67114467,South Hexdown North,10/6/21,0.0,0.0,0.0,0.0,ND,ND,ND,,,0
808/21,The Thames,B16BS,London PHA,TQ88148489,West of Southend Pier,10/7/21,0.0,0.0,0.0,4800.0,ND,ND,ND,,,0
809/21,Blackwater,B14AD,Maldon DC,TM04060768,St Peters Flats,10/7/21,0.0,0.0,0.0,12500.0,ND,ND,ND,,,0
810/21,Langstone Harbour,B019I,Portsmouth PHA,SU70560339,Stoke Common Lake,10/6/21,0.0,0.0,0.0,0.0,ND,ND,ND,,,0
811/21,Portsmouth Harbour,B020H,Portsmouth PHA,SU62850544,Paulsgrove,10/5/21,0.0,0.0,0.0,400.0,ND,ND,ND,,,0
812/21,Camel,B35AE,Cornwall CC,SW93407530,Porthilly Rock B,10/11/21,0.0,0.0,0.0,0.0,ND,ND,ND,,,0
813/21,Lantivet Bay,B70AH,Cornwall PHA,SX16305094,Sandheap Point,10/11/21,0.0,0.0,0.0,320.0,ND,ND,ND,,,0
814/21,Mevagissey Bay,B70AK,Cornwall PHA,SX05214698,South Mevagissey Bottom,10/11/21,0.0,40.0,0.0,3880.0,ND,ND,ND,,,0
815/21,St Austell Bay,B70AE,Cornwall PHA,SX05744972,Ropehaven Outer,10/11/21,0.0,80.0,0.0,12320.0,ND,ND,ND,,,0
816/21,Portland,B25AK,Dorset Council,SY68707757,Site A,10/11/21,0.0,240.0,0.0,1040.0,ND,ND,ND,,,1
817/21,Brancaster,B05AS,Kings Lynn & W Norfolk BC,TF79884539,Norton Creek Mussels,10/11/21,0.0,0.0,0.0,19900.0,ND,ND,ND,,,0
818/21,Holy Island-Ross Links,B001M,Northumberland CC,NU12333958,Ross Links,10/11/21,0.0,0.0,0.0,0.0,ND,ND,ND,,,0
819/21,Fal,B033E,Cornwall PHA,SW85134212,Grimes Bar,10/12/21,0.0,0.0,0.0,300.0,ND,ND,ND,,,0
820/21,Fal,B33BG,Cornwall PHA,SW82803517,Mylor Pool,10/12/21,0.0,0.0,0.0,1000.0,ND,ND,ND,,,0
821/21,Fal,B33BD,Cornwall PHA,SW84093949,Trelissick Pontoon,10/12/21,0.0,0.0,0.0,400.0,ND,ND,ND,,,0
822/21,The Fleet,B25AI,Dorset Council,SY66477627,Fleet Oysters,10/12/21,0.0,0.0,0.0,0.0,ND,ND,ND,,,0
823/21,Butley,B009E,East Suffolk DC,TM39434850,Pumping Station Outfall,10/12/21,0.0,0.0,0.0,0.0,ND,ND,ND,,,0
824/21,Deben,B010O,East Suffolk DC,TM28834500,Stonner Point,10/12/21,-1.0,-1.0,-1.0,-1.0,"Unable to analyse, too much sediment","Unable to analyse, too much sediment","Unable to analyse, too much sediment",,,0
825/21,Blakeney,B006R,North Norfolk DC,TF91804549,Wells - The Pool,10/12/21,0.0,0.0,0.0,39400.0,ND,ND,ND,,,0
826/21,Milford Haven,B39CZ,Pembrokeshire CC,SM89000275,Tethys Oyster,10/11/21,0.0,0.0,0.0,0.0,ND,ND,ND,,,0
827/21,Swansea,B037U,Swansea PHA,SS67659210,Queens Dock,10/12/21,0.0,0.0,0.0,160.0,ND,ND,ND,,,0
828/21,Lyme Bay,B090M,Torbay BC,UNVERIFIED,Site 1,10/11/21,0.0,40.0,0.0,0.0,ND,ND,ND,,,0
829/21,Poole,B54CI,"Bournemouth, Poole and Christchurch Council",SZ01818871,West Brownsea 1,10/13/21,0.0,0.0,0.0,0.0,ND,ND,ND,,,0
830/21,Percuil,B033R,Cornwall PHA,SW85853369,Percuil,10/13/21,0.0,0.0,40.0,2680.0,ND,ND,ND,,,0
831/21,Porthallow Cove,B34AA,Cornwall PHA,SW80212383,Porthallow North,10/13/21,0.0,160.0,0.0,20880.0,ND,ND,ND,,,1
832/21,Exe,B26BH,Teignbridge DC,SX97948072,Cockwood Harbour,10/13/21,0.0,0.0,0.0,0.0,ND,ND,ND,,,0
833/21,Teign,B27AC,Teignbridge DC,SX92827284,Gas Works East,10/13/21,0.0,0.0,0.0,0.0,ND,ND,ND,,,0
835/21,Lune,BO66Z,Wyre BC,SD34194862,Knott Spit,10/12/21,0.0,200.0,0.0,800.0,ND,ND,ND,,,1
836/21,Solent,B24BK,Southampton PHA,SZ57479794,Browndown,10/13/21,0.0,0.0,0.0,0.0,ND,ND,ND,,,0
837/21,Southampton Water,B21AT,Southampton PHA,SU48760530,Hamble Estuary,10/13/21,0.0,0.0,0.0,0.0,ND,ND,ND,,,0
838/21,North Kent Coast,B17BS,Canterbury CC,TR10326689,WOCO Westbeach,10/18/21,0.0,0.0,0.0,0.0,ND,ND,ND,,,0
839/21,West Mersea,B013Z,Colchester BC,TM00001301,The Hard,10/18/21,0.0,0.0,0.0,0.0,ND,ND,ND,,,0
841/21,Conwy,B044V,Conwy CBC,SH76317972,Conwy West,10/18/21,0.0,0.0,0.0,4400.0,ND,ND,ND,,,0
842/21,Mevagissey Bay,B70AK,Cornwall PHA,SX05214698,South Mevagissey Bottom,10/17/21,0.0,200.0,0.0,13200.0,ND,ND,ND,,,1
843/21,Portland,B25AK,Dorset Council,SY68707757,Site A,10/18/21,0.0,0.0,0.0,720.0,ND,ND,ND,,,0
844/21,Morecambe Bay - Barrow,B077Q,Barrow-in-Furness BC,SD23116464,Roa Island,10/19/21,0.0,0.0,0.0,0.0,ND,ND,ND,,,0
845/21,Burry Inlet,B038L,City and Council of Swansea,SS43409470,Whitford Point,10/19/21,0.0,0.0,0.0,0.0,ND,ND,ND,,,0
846/21,Deben,B010O,East Suffolk DC,TM28834500,Stonner Point,10/19/21,-1.0,-1.0,-1.0,-1.0,"Unable to analyse, too much sediment","Unable to analyse, too much sediment","Unable to analyse, too much sediment",,,0
848/21,Lune,BO66Z,Wyre BC,SD34194862,Knott Spit,10/19/21,0.0,0.0,0.0,400.0,ND,ND,ND,,,0
849/21,Burry Inlet,B038Y,Carmarthenshire CC,SS50209860,Machynys,10/20/21,0.0,0.0,17480.0,0.0,ND,ND,ND,,,1
850/21,Porthallow Cove,B34AA,Cornwall PHA,SW80212383,Porthallow North,10/20/21,0.0,80.0,0.0,4360.0,ND,ND,40,,,0
851/21,Swale,B076P,Swale BC,TR01316497,The Causeway,10/21/21,0.0,0.0,0.0,200.0,ND,ND,ND,,,0
852/21,Camel,B35AE,Cornwall CC,SW93407530,Porthilly Rock B,10/25/21,0.0,0.0,0.0,0.0,ND,ND,ND,,,0
853/21,St Austell Bay,B70AE,Cornwall PHA,SX05744972,Ropehaven Outer,10/25/21,0.0,40.0,0.0,7080.0,ND,ND,ND,,,0
854/21,Crouch,B015Y,Maldon DC,TQ90429738,Althorne,10/26/21,0.0,0.0,0.0,0.0,ND,ND,ND,,,0
855/21,Lyme Bay,B090M,Torbay BC,UNVERIFIED,Site 1,10/25/21,0.0,40.0,0.0,0.0,ND,ND,ND,,,0
856/21,Burry Inlet,B038I,City and Council of Swansea,SS50509590,South East 4,10/27/21,0.0,0.0,0.0,0.0,ND,ND,ND,,,0
857/21,Dee,B45AB,Flintshire CC,SJ17568056,Salisbury,10/26/21,0.0,0.0,0.0,0.0,ND,ND,ND,,,0
